method,short,seed,waypoint,x,y
AC,AC,0,0,0.22,2.82
AC,AC,0,1,0.3769055808777308,2.46
AC,AC,0,2,0.5658816181392317,2.1618346728666973
AC,AC,0,3,0.77,1.875580525938343
AC,AC,0,4,0.9087778763221872,1.5718037234589686
AC,AC,0,5,1.0129244328110512,1.2362354757252083
AC,AC,0,6,1.11,0.89
AC,AC,0,7,1.5594865257939583,0.77
AC,AC,0,8,2.02,0.78
AC,AC,0,9,2.16,1.0496797309669372
AC,AC,0,10,1.89010299046966,1.33
AC,AC,0,11,1.62,1.58
AC,AC,1,0,0.22,2.82
AC,AC,1,1,0.3739999686090915,2.46
AC,AC,1,2,0.5658588111094844,2.1667249585923263
AC,AC,1,3,0.77,1.8807413466993328
AC,AC,1,4,0.9083690778293212,1.580004529584972
AC,AC,1,5,1.014882297835189,1.240191258441307
AC,AC,1,6,1.11,0.89
AC,AC,1,7,1.5581634878791455,0.77
AC,AC,1,8,2.02,0.78
AC,AC,1,9,2.16,1.0503393527649754
AC,AC,1,10,1.8902071966500305,1.33
AC,AC,1,11,1.62,1.58
AC,AC,2,0,0.22,2.82
AC,AC,2,1,0.3782742084779416,2.46
AC,AC,2,2,0.5656083711015768,2.1592319789534304
AC,AC,2,3,0.77,1.8697141497070149
AC,AC,2,4,0.901645771037376,1.568776512921767
AC,AC,2,5,1.0093965854307174,1.2351681924542477
AC,AC,2,6,1.11,0.89
AC,AC,2,7,1.5572998619450873,0.77
AC,AC,2,8,2.02,0.78
AC,AC,2,9,2.16,1.0506380323084894
AC,AC,2,10,1.890139438067799,1.33
AC,AC,2,11,1.62,1.58
AC,AC,3,0,0.22,2.82
AC,AC,3,1,0.3745039201730521,2.46
AC,AC,3,2,0.5569590282352387,2.1630001836190784
AC,AC,3,3,0.77,1.8778171334943357
AC,AC,3,4,0.9029410933831716,1.5819605225309064
AC,AC,3,5,1.0157477835566469,1.2421530318239382
AC,AC,3,6,1.11,0.89
AC,AC,3,7,1.556876283522045,0.77
AC,AC,3,8,2.02,0.78
AC,AC,3,9,2.16,1.0512345097154694
AC,AC,3,10,1.8900301383160245,1.33
AC,AC,3,11,1.62,1.58
AC,AC,4,0,0.22,2.82
AC,AC,4,1,0.3781540886885241,2.46
AC,AC,4,2,0.5654232253442857,2.162033448417645
AC,AC,4,3,0.77,1.8769021162688864
AC,AC,4,4,0.9031391294136204,1.5766979496021756
AC,AC,4,5,1.0107156657164649,1.2373678115682287
AC,AC,4,6,1.11,0.89
AC,AC,4,7,1.55593356242826,0.77
AC,AC,4,8,2.02,0.78
AC,AC,4,9,2.16,1.0524198411139172
AC,AC,4,10,1.890035876050492,1.33
AC,AC,4,11,1.62,1.58
AC+CBF,AC+CBF,0,0,0.22,2.82
AC+CBF,AC+CBF,0,1,0.3690754933388488,2.46
AC+CBF,AC+CBF,0,2,0.5603930767754715,2.173550148856543
AC+CBF,AC+CBF,0,3,0.77,1.898496980160351
AC+CBF,AC+CBF,0,4,0.9109376723855468,1.5980552264285262
AC+CBF,AC+CBF,0,5,1.0125813291669177,1.2529921909800308
AC+CBF,AC+CBF,0,6,1.11,0.89
AC+CBF,AC+CBF,0,7,1.5564376319728557,0.77
AC+CBF,AC+CBF,0,8,2.02,0.78
AC+CBF,AC+CBF,0,9,2.16,1.0549762218341387
AC+CBF,AC+CBF,0,10,1.8900000000000508,1.33
AC+CBF,AC+CBF,0,11,1.62,1.58
AC+CBF,AC+CBF,1,0,0.22,2.82
AC+CBF,AC+CBF,1,1,0.3668672713550249,2.46
AC+CBF,AC+CBF,1,2,0.553697238055709,2.174096661424003
AC+CBF,AC+CBF,1,3,0.77,1.897630285522452
AC+CBF,AC+CBF,1,4,0.909292710650917,1.6092133406697118
AC+CBF,AC+CBF,1,5,1.015123292100521,1.2569319063443252
AC+CBF,AC+CBF,1,6,1.11,0.89
AC+CBF,AC+CBF,1,7,1.5537738446877034,0.77
AC+CBF,AC+CBF,1,8,2.02,0.78
AC+CBF,AC+CBF,1,9,2.16,1.0565587449263794
AC+CBF,AC+CBF,1,10,1.88999999999999,1.33
AC+CBF,AC+CBF,1,11,1.62,1.58
AC+CBF,AC+CBF,2,0,0.22,2.82
AC+CBF,AC+CBF,2,1,0.3708788937460625,2.46
AC+CBF,AC+CBF,2,2,0.5579946771076386,2.1680360391862807
AC+CBF,AC+CBF,2,3,0.77,1.8860389093414511
AC+CBF,AC+CBF,2,4,0.9016096774792296,1.5944400390166955
AC+CBF,AC+CBF,2,5,1.0138123603969205,1.2492541429583848
AC+CBF,AC+CBF,2,6,1.11,0.89
AC+CBF,AC+CBF,2,7,1.5508054094862656,0.77
AC+CBF,AC+CBF,2,8,2.02,0.78
AC+CBF,AC+CBF,2,9,2.16,1.0584624054805485
AC+CBF,AC+CBF,2,10,1.8899999999997144,1.33
AC+CBF,AC+CBF,2,11,1.62,1.58
AC+CBF,AC+CBF,3,0,0.22,2.82
AC+CBF,AC+CBF,3,1,0.369488460921665,2.46
AC+CBF,AC+CBF,3,2,0.5475328095640689,2.167872286859598
AC+CBF,AC+CBF,3,3,0.77,1.8902452930566715
AC+CBF,AC+CBF,3,4,0.9090349954401156,1.6014046141944125
AC+CBF,AC+CBF,3,5,1.017552328229313,1.255018690599406
AC+CBF,AC+CBF,3,6,1.11,0.89
AC+CBF,AC+CBF,3,7,1.5518746051380985,0.77
AC+CBF,AC+CBF,3,8,2.02,0.78
AC+CBF,AC+CBF,3,9,2.16,1.0560955390922908
AC+CBF,AC+CBF,3,10,1.8899999999995631,1.33
AC+CBF,AC+CBF,3,11,1.62,1.58
AC+CBF,AC+CBF,4,0,0.22,2.82
AC+CBF,AC+CBF,4,1,0.374822904538471,2.46
AC+CBF,AC+CBF,4,2,0.5598950490307542,2.1754631527937365
AC+CBF,AC+CBF,4,3,0.77,1.9023534219098053
AC+CBF,AC+CBF,4,4,0.9033137027413928,1.613863093925402
AC+CBF,AC+CBF,4,5,1.0109177347135758,1.2604385779940046
AC+CBF,AC+CBF,4,6,1.11,0.89
AC+CBF,AC+CBF,4,7,1.549474107769652,0.77
AC+CBF,AC+CBF,4,8,2.02,0.78
AC+CBF,AC+CBF,4,9,2.16,1.0581543136130491
AC+CBF,AC+CBF,4,10,1.8899999999995645,1.33
AC+CBF,AC+CBF,4,11,1.62,1.58
AC+CBF+PER,AC+CBF+PER,0,0,0.22,2.82
AC+CBF+PER,AC+CBF+PER,0,1,0.3209977939399666,2.46
AC+CBF+PER,AC+CBF+PER,0,2,0.53,2.1479833218021573
AC+CBF+PER,AC+CBF+PER,0,3,0.77,1.8540572008535292
AC+CBF+PER,AC+CBF+PER,0,4,0.9171972141568576,1.5617935515834709
AC+CBF+PER,AC+CBF+PER,0,5,1.0420064713764032,1.2491645127185604
AC+CBF+PER,AC+CBF+PER,0,6,1.11,0.89
AC+CBF+PER,AC+CBF+PER,0,7,1.549761279304024,0.77
AC+CBF+PER,AC+CBF+PER,0,8,2.02,0.78
AC+CBF+PER,AC+CBF+PER,0,9,2.16,1.0537797855338054
AC+CBF+PER,AC+CBF+PER,0,10,1.8900000000000468,1.33
AC+CBF+PER,AC+CBF+PER,0,11,1.62,1.58
AC+CBF+PER,AC+CBF+PER,1,0,0.22,2.82
AC+CBF+PER,AC+CBF+PER,1,1,0.3187379924523806,2.46
AC+CBF+PER,AC+CBF+PER,1,2,0.53,2.144806038463028
AC+CBF+PER,AC+CBF+PER,1,3,0.77,1.845203868658126
AC+CBF+PER,AC+CBF+PER,1,4,0.8845828302232019,1.5409808338635396
AC+CBF+PER,AC+CBF+PER,1,5,0.9967195246272992,1.2185531252697357
AC+CBF+PER,AC+CBF+PER,1,6,1.11,0.89
AC+CBF+PER,AC+CBF+PER,1,7,1.5492042754524062,0.77
AC+CBF+PER,AC+CBF+PER,1,8,2.02,0.78
AC+CBF+PER,AC+CBF+PER,1,9,2.16,1.0557895818213745
AC+CBF+PER,AC+CBF+PER,1,10,1.889999999999994,1.33
AC+CBF+PER,AC+CBF+PER,1,11,1.62,1.58
AC+CBF+PER,AC+CBF+PER,2,0,0.22,2.82
AC+CBF+PER,AC+CBF+PER,2,1,0.3209953749532941,2.46
AC+CBF+PER,AC+CBF+PER,2,2,0.5305539369878922,2.157428625998253
AC+CBF+PER,AC+CBF+PER,2,3,0.77,1.8714689155859645
AC+CBF+PER,AC+CBF+PER,2,4,0.9233689445832752,1.581690436720901
AC+CBF+PER,AC+CBF+PER,2,5,1.0257151127304045,1.2412452452766567
AC+CBF+PER,AC+CBF+PER,2,6,1.11,0.89
AC+CBF+PER,AC+CBF+PER,2,7,1.549041076712128,0.77
AC+CBF+PER,AC+CBF+PER,2,8,2.02,0.78
AC+CBF+PER,AC+CBF+PER,2,9,2.16,1.0543197832397455
AC+CBF+PER,AC+CBF+PER,2,10,1.889999999999711,1.33
AC+CBF+PER,AC+CBF+PER,2,11,1.62,1.58
AC+CBF+PER,AC+CBF+PER,3,0,0.22,2.82
AC+CBF+PER,AC+CBF+PER,3,1,0.3224830883662846,2.46
AC+CBF+PER,AC+CBF+PER,3,2,0.53,2.144521919308487
AC+CBF+PER,AC+CBF+PER,3,3,0.77,1.844277654162465
AC+CBF+PER,AC+CBF+PER,3,4,0.9154337474466324,1.543781441457196
AC+CBF+PER,AC+CBF+PER,3,5,1.0118371761882667,1.217976184477166
AC+CBF+PER,AC+CBF+PER,3,6,1.11,0.89
AC+CBF+PER,AC+CBF+PER,3,7,1.543214437601538,0.77
AC+CBF+PER,AC+CBF+PER,3,8,2.02,0.78
AC+CBF+PER,AC+CBF+PER,3,9,2.16,1.0585394704279132
AC+CBF+PER,AC+CBF+PER,3,10,1.8899999999995631,1.33
AC+CBF+PER,AC+CBF+PER,3,11,1.62,1.58
AC+CBF+PER,AC+CBF+PER,4,0,0.22,2.82
AC+CBF+PER,AC+CBF+PER,4,1,0.3199271131620768,2.46
AC+CBF+PER,AC+CBF+PER,4,2,0.53,2.146054598057183
AC+CBF+PER,AC+CBF+PER,4,3,0.77,1.846197081956796
AC+CBF+PER,AC+CBF+PER,4,4,0.9260413179581805,1.5428737548753024
AC+CBF+PER,AC+CBF+PER,4,5,1.0262510773398672,1.2175128919098226
AC+CBF+PER,AC+CBF+PER,4,6,1.11,0.89
AC+CBF+PER,AC+CBF+PER,4,7,1.546384224907952,0.77
AC+CBF+PER,AC+CBF+PER,4,8,2.02,0.78
AC+CBF+PER,AC+CBF+PER,4,9,2.16,1.0608554722207275
AC+CBF+PER,AC+CBF+PER,4,10,1.8899999999995605,1.33
AC+CBF+PER,AC+CBF+PER,4,11,1.62,1.58
AC+CBF+UE,AC+CBF+UE,0,0,0.22,2.82
AC+CBF+UE,AC+CBF+UE,0,1,0.3708483284639227,2.46
AC+CBF+UE,AC+CBF+UE,0,2,0.562257878152487,2.1802297107210995
AC+CBF+UE,AC+CBF+UE,0,3,0.77,1.910686036497245
AC+CBF+UE,AC+CBF+UE,0,4,0.9214517859721044,1.6179643573330234
AC+CBF+UE,AC+CBF+UE,0,5,1.0310957370873703,1.268809089933023
AC+CBF+UE,AC+CBF+UE,0,6,1.11,0.89
AC+CBF+UE,AC+CBF+UE,0,7,1.5538294227671858,0.77
AC+CBF+UE,AC+CBF+UE,0,8,2.02,0.78
AC+CBF+UE,AC+CBF+UE,0,9,2.16,1.0551179960997463
AC+CBF+UE,AC+CBF+UE,0,10,1.8900000000000443,1.33
AC+CBF+UE,AC+CBF+UE,0,11,1.62,1.58
AC+CBF+UE,AC+CBF+UE,1,0,0.22,2.82
AC+CBF+UE,AC+CBF+UE,1,1,0.3682380833188421,2.46
AC+CBF+UE,AC+CBF+UE,1,2,0.5560871817867106,2.186793336304003
AC+CBF+UE,AC+CBF+UE,1,3,0.77,1.9214262990544608
AC+CBF+UE,AC+CBF+UE,1,4,0.9216515017632086,1.6382829246878647
AC+CBF+UE,AC+CBF+UE,1,5,1.0260993971286243,1.2753170291498763
AC+CBF+UE,AC+CBF+UE,1,6,1.11,0.89
AC+CBF+UE,AC+CBF+UE,1,7,1.5542785251896378,0.77
AC+CBF+UE,AC+CBF+UE,1,8,2.02,0.78
AC+CBF+UE,AC+CBF+UE,1,9,2.16,1.0566122070833852
AC+CBF+UE,AC+CBF+UE,1,10,1.8899999999999928,1.33
AC+CBF+UE,AC+CBF+UE,1,11,1.62,1.58
AC+CBF+UE,AC+CBF+UE,2,0,0.22,2.82
AC+CBF+UE,AC+CBF+UE,2,1,0.3722223528423374,2.46
AC+CBF+UE,AC+CBF+UE,2,2,0.5585873081337757,2.1776326303635094
AC+CBF+UE,AC+CBF+UE,2,3,0.77,1.904389108988484
AC+CBF+UE,AC+CBF+UE,2,4,0.9146314842642996,1.6182667330051157
AC+CBF+UE,AC+CBF+UE,2,5,1.026779147248753,1.2656203687648744
AC+CBF+UE,AC+CBF+UE,2,6,1.11,0.89
AC+CBF+UE,AC+CBF+UE,2,7,1.5464646248773155,0.77
AC+CBF+UE,AC+CBF+UE,2,8,2.02,0.78
AC+CBF+UE,AC+CBF+UE,2,9,2.16,1.0573184663329285
AC+CBF+UE,AC+CBF+UE,2,10,1.88999999999971,1.33
AC+CBF+UE,AC+CBF+UE,2,11,1.62,1.58
AC+CBF+UE,AC+CBF+UE,3,0,0.22,2.82
AC+CBF+UE,AC+CBF+UE,3,1,0.3706734301988626,2.46
AC+CBF+UE,AC+CBF+UE,3,2,0.5482084186754402,2.177379830728643
AC+CBF+UE,AC+CBF+UE,3,3,0.77,1.9087767632555177
AC+CBF+UE,AC+CBF+UE,3,4,0.9229658036828216,1.6303384053072414
AC+CBF+UE,AC+CBF+UE,3,5,1.0273411656246536,1.2696229688576213
AC+CBF+UE,AC+CBF+UE,3,6,1.11,0.89
AC+CBF+UE,AC+CBF+UE,3,7,1.5558725329710028,0.77
AC+CBF+UE,AC+CBF+UE,3,8,2.02,0.78
AC+CBF+UE,AC+CBF+UE,3,9,2.16,1.0581504888258544
AC+CBF+UE,AC+CBF+UE,3,10,1.8899999999995631,1.33
AC+CBF+UE,AC+CBF+UE,3,11,1.62,1.58
AC+CBF+UE,AC+CBF+UE,4,0,0.22,2.82
AC+CBF+UE,AC+CBF+UE,4,1,0.3756000686723413,2.46
AC+CBF+UE,AC+CBF+UE,4,2,0.559752841490097,2.184383126244648
AC+CBF+UE,AC+CBF+UE,4,3,0.77,1.9183653876370448
AC+CBF+UE,AC+CBF+UE,4,4,0.923149212114671,1.6340169035925245
AC+CBF+UE,AC+CBF+UE,4,5,1.0337314013419172,1.2756751380043188
AC+CBF+UE,AC+CBF+UE,4,6,1.11,0.89
AC+CBF+UE,AC+CBF+UE,4,7,1.5519200998801266,0.77
AC+CBF+UE,AC+CBF+UE,4,8,2.02,0.78
AC+CBF+UE,AC+CBF+UE,4,9,2.16,1.0591160936545596
AC+CBF+UE,AC+CBF+UE,4,10,1.889999999999557,1.33
AC+CBF+UE,AC+CBF+UE,4,11,1.62,1.58
AC+CBF+AER,AC+CBF+AER,0,0,0.22,2.82
AC+CBF+AER,AC+CBF+AER,0,1,0.362327249434859,2.46
AC+CBF+AER,AC+CBF+AER,0,2,0.5354961155543989,2.202234886364696
AC+CBF+AER,AC+CBF+AER,0,3,0.77,1.9496779475687056
AC+CBF+AER,AC+CBF+AER,0,4,0.9094855909980966,1.6865815539417095
AC+CBF+AER,AC+CBF+AER,0,5,1.0147159252931617,1.3045105683452067
AC+CBF+AER,AC+CBF+AER,0,6,1.11,0.89
AC+CBF+AER,AC+CBF+AER,0,7,1.5305516169221367,0.77
AC+CBF+AER,AC+CBF+AER,0,8,2.02,0.78
AC+CBF+AER,AC+CBF+AER,0,9,2.16,1.0569263428486952
AC+CBF+AER,AC+CBF+AER,0,10,1.8900000000000472,1.33
AC+CBF+AER,AC+CBF+AER,0,11,1.62,1.58
AC+CBF+AER,AC+CBF+AER,1,0,0.22,2.82
AC+CBF+AER,AC+CBF+AER,1,1,0.3550622754186144,2.46
AC+CBF+AER,AC+CBF+AER,1,2,0.5360239708523801,2.201190887359784
AC+CBF+AER,AC+CBF+AER,1,3,0.77,1.9439347245886065
AC+CBF+AER,AC+CBF+AER,1,4,0.9071811555580652,1.667593011555978
AC+CBF+AER,AC+CBF+AER,1,5,1.0154793852649937,1.2968508644746175
AC+CBF+AER,AC+CBF+AER,1,6,1.11,0.89
AC+CBF+AER,AC+CBF+AER,1,7,1.5337420544415885,0.77
AC+CBF+AER,AC+CBF+AER,1,8,2.02,0.78
AC+CBF+AER,AC+CBF+AER,1,9,2.16,1.057415253701805
AC+CBF+AER,AC+CBF+AER,1,10,1.889999999999992,1.33
AC+CBF+AER,AC+CBF+AER,1,11,1.62,1.58
AC+CBF+AER,AC+CBF+AER,2,0,0.22,2.82
AC+CBF+AER,AC+CBF+AER,2,1,0.36705355917414,2.46
AC+CBF+AER,AC+CBF+AER,2,2,0.5441315739431045,2.2050882745503118
AC+CBF+AER,AC+CBF+AER,2,3,0.77,1.9492518603914328
AC+CBF+AER,AC+CBF+AER,2,4,0.9095126900293564,1.672605600894147
AC+CBF+AER,AC+CBF+AER,2,5,1.021149962587886,1.306983940154243
AC+CBF+AER,AC+CBF+AER,2,6,1.11,0.89
AC+CBF+AER,AC+CBF+AER,2,7,1.519226099555544,0.77
AC+CBF+AER,AC+CBF+AER,2,8,2.02,0.78
AC+CBF+AER,AC+CBF+AER,2,9,2.16,1.0605608161171292
AC+CBF+AER,AC+CBF+AER,2,10,1.889999999999711,1.33
AC+CBF+AER,AC+CBF+AER,2,11,1.62,1.58
AC+CBF+AER,AC+CBF+AER,3,0,0.22,2.82
AC+CBF+AER,AC+CBF+AER,3,1,0.3624297976904396,2.46
AC+CBF+AER,AC+CBF+AER,3,2,0.5416085626359376,2.203563814871268
AC+CBF+AER,AC+CBF+AER,3,3,0.77,1.947082897886492
AC+CBF+AER,AC+CBF+AER,3,4,0.9056035875130904,1.66951848820138
AC+CBF+AER,AC+CBF+AER,3,5,1.0157668559269746,1.301428376191647
AC+CBF+AER,AC+CBF+AER,3,6,1.11,0.89
AC+CBF+AER,AC+CBF+AER,3,7,1.5348775894836952,0.77
AC+CBF+AER,AC+CBF+AER,3,8,2.02,0.78
AC+CBF+AER,AC+CBF+AER,3,9,2.16,1.0636628258408385
AC+CBF+AER,AC+CBF+AER,3,10,1.8899999999995631,1.33
AC+CBF+AER,AC+CBF+AER,3,11,1.62,1.58
AC+CBF+AER,AC+CBF+AER,4,0,0.22,2.82
AC+CBF+AER,AC+CBF+AER,4,1,0.358558988138139,2.46
AC+CBF+AER,AC+CBF+AER,4,2,0.5391909825776801,2.206882245401558
AC+CBF+AER,AC+CBF+AER,4,3,0.77,1.9548915249072447
AC+CBF+AER,AC+CBF+AER,4,4,0.9194808263911028,1.683621662660732
AC+CBF+AER,AC+CBF+AER,4,5,1.026143040215689,1.3076588066604258
AC+CBF+AER,AC+CBF+AER,4,6,1.11,0.89
AC+CBF+AER,AC+CBF+AER,4,7,1.5276235715443711,0.77
AC+CBF+AER,AC+CBF+AER,4,8,2.02,0.78
AC+CBF+AER,AC+CBF+AER,4,9,2.16,1.06467380933606
AC+CBF+AER,AC+CBF+AER,4,10,1.8899999999995627,1.33
AC+CBF+AER,AC+CBF+AER,4,11,1.62,1.58
Full,Full,0,0,0.22,2.82
Full,Full,0,1,0.3624220105434224,2.46
Full,Full,0,2,0.5405773276472983,2.208833416188953
Full,Full,0,3,0.77,1.9587232584320715
Full,Full,0,4,0.9398717836350212,1.6931748222393872
Full,Full,0,5,1.064069036511584,1.3264334816871597
Full,Full,0,6,1.11,0.89
Full,Full,0,7,1.5247823669004708,0.77
Full,Full,0,8,2.02,0.78
Full,Full,0,9,2.16,1.0561599694112072
Full,Full,0,10,1.890000000000044,1.33
Full,Full,0,11,1.62,1.58
Full,Full,1,0,0.22,2.82
Full,Full,1,1,0.3513963939606006,2.46
Full,Full,1,2,0.5336020125616927,2.208681149346266
Full,Full,1,3,0.77,1.9585143609561448
Full,Full,1,4,0.9382081269846428,1.690571841765384
Full,Full,1,5,1.0678879286028975,1.3258476335952356
Full,Full,1,6,1.11,0.89
Full,Full,1,7,1.5379456389236676,0.77
Full,Full,1,8,2.02,0.78
Full,Full,1,9,2.16,1.0601536172606607
Full,Full,1,10,1.889999999999988,1.33
Full,Full,1,11,1.62,1.58
Full,Full,2,0,0.22,2.82
Full,Full,2,1,0.3706505311191548,2.46
Full,Full,2,2,0.5474985633822117,2.211263744452318
Full,Full,2,3,0.77,1.9627248470358056
Full,Full,2,4,0.9420722760486384,1.6965861962010378
Full,Full,2,5,1.0658550634373474,1.33485557744886
Full,Full,2,6,1.11,0.89
Full,Full,2,7,1.52729768712945,0.77
Full,Full,2,8,2.02,0.78
Full,Full,2,9,2.16,1.0618457311418683
Full,Full,2,10,1.8899999999997097,1.33
Full,Full,2,11,1.62,1.58
Full,Full,3,0,0.22,2.82
Full,Full,3,1,0.3711352810400899,2.46
Full,Full,3,2,0.5454086749787678,2.210951346148242
Full,Full,3,3,0.77,1.9642867432025255
Full,Full,3,4,0.9357533603185452,1.70146814580182
Full,Full,3,5,1.0564925992159535,1.3265375321264952
Full,Full,3,6,1.11,0.89
Full,Full,3,7,1.5258732177629726,0.77
Full,Full,3,8,2.02,0.78
Full,Full,3,9,2.16,1.0598444776090814
Full,Full,3,10,1.8899999999995631,1.33
Full,Full,3,11,1.62,1.58
Full,Full,4,0,0.22,2.82
Full,Full,4,1,0.3594871154186849,2.46
Full,Full,4,2,0.5383907512665131,2.206882060910689
Full,Full,4,3,0.77,1.9541106744867875
Full,Full,4,4,0.9474628333997352,1.687437200066436
Full,Full,4,5,1.061461399924689,1.3201589210272182
Full,Full,4,6,1.11,0.89
Full,Full,4,7,1.5275046983453506,0.77
Full,Full,4,8,2.02,0.78
Full,Full,4,9,2.16,1.0605687952351248
Full,Full,4,10,1.8899999999995565,1.33
Full,Full,4,11,1.62,1.58
