stress_multiplier,method,short,violation_rate_mean,violation_rate_std,violation_count_mean,known_static_violation_rate_mean,known_static_violation_rate_std,known_static_violation_count_mean,uncertain_true_violation_rate_mean,uncertain_true_violation_rate_std,uncertain_true_violation_count_mean,min_clearance_cm_mean,min_clearance_cm_std,min_known_static_clearance_cm_mean,min_known_static_clearance_cm_std,min_uncertain_true_clearance_cm_mean,min_uncertain_true_clearance_cm_std,cost_mean,cost_std,belief_center_rmse_cm_mean,belief_center_rmse_cm_std,goal_error_cm_mean,reached_rate
0.8,AC,AC,0.0,0.0,0.0,0.0,0.0,0.0,0.0,0.0,0.0,0.940851077049239,0.34731836819167894,2.2621178007117146,0.09585295724502788,0.940851077049239,0.34731836819167894,6.371521703942104,0.05979254153903818,2.025848066864614,0.3436627593828659,4.712571014482999,1.0
0.8,AC+CBF,AC+CBF,0.0,0.0,0.0,0.0,0.0,0.0,0.0,0.0,0.0,3.104186181304469,0.7552995064613035,4.273197006422303,0.564881535252691,3.104186181304469,0.7552995064613035,6.970056025769883,0.1089830875141574,2.025848066864614,0.3436627593828659,4.809923731661721,1.0
0.8,AC+CBF+PER,AC+CBF+PER,0.0,0.0,0.0,0.0,0.0,0.0,0.0,0.0,0.0,2.4377889537924906,0.915363566519948,4.257712189797471,0.577184997772005,2.4377889537924906,0.915363566519948,6.710020658911327,0.12739076768247648,2.025848066864614,0.3436627593828659,4.932711503761448,1.0
0.8,AC+CBF+UE,AC+CBF+UE,0.0,0.0,0.0,0.0,0.0,0.0,0.0,0.0,0.0,3.9037692629359526,0.398635681504615,3.942656990021328,0.4828705691682551,5.195150837156403,0.44853845895672867,7.039932365524441,0.07617801020752583,1.778340961041491,0.3600044315524771,4.808966607693607,1.0
0.8,AC+CBF+AER,AC+CBF+AER,0.0,0.0,0.0,0.0,0.0,0.0,0.0,0.0,0.0,3.9591173299523854,0.34585234105699647,4.329707672888697,0.6535625525911241,4.397159898289672,0.5865881712876984,6.799413921057132,0.11190328766915096,2.025848066864614,0.3436627593828659,4.817209795237874,1.0
0.8,Full,Full,0.0,0.0,0.0,0.0,0.0,0.0,0.0,0.0,0.0,3.979861411516887,0.43363100735102195,3.9957296593034357,0.4677132416787576,5.584729818706854,0.5475971661158545,6.8604843022824955,0.12648683412329714,1.562605452188683,0.32144772718417874,4.906379180816533,1.0
1.0,AC,AC,0.0,0.0,0.0,0.0,0.0,0.0,0.0,0.0,0.0,0.8673231054250345,0.3195435029608141,2.261713445033865,0.09675718491817471,0.8673231054250345,0.3195435029608141,6.368288241855369,0.04983078348808042,2.5029263099077452,0.4316746059771436,4.790616813474712,1.0
1.0,AC+CBF,AC+CBF,0.0,0.0,0.0,0.0,0.0,0.0,0.0,0.0,0.0,2.4876387272517304,0.7415690359701806,4.29897809831641,0.6818925238277198,2.4876387272517304,0.7415690359701806,6.949940246248188,0.11613086802756241,2.5029263099077452,0.4316746059771436,4.797804837557337,1.0
1.0,AC+CBF+PER,AC+CBF+PER,0.0,0.0,0.0,0.0,0.0,0.0,0.0,0.0,0.0,2.086387187453243,0.9649844370482656,4.344682801292944,0.6752504092003182,2.086387187453243,0.9649844370482656,6.694659204867378,0.1500429432848738,2.5029263099077452,0.4316746059771436,4.889625950953276,1.0
1.0,AC+CBF+UE,AC+CBF+UE,0.0,0.0,0.0,0.0,0.0,0.0,0.0,0.0,0.0,3.900687360555934,0.43240347128055473,3.9437114395046193,0.5272682199892254,5.260469298374681,0.42766299085852644,7.059920739940603,0.09832991513540823,2.1896009252891693,0.4482967367664684,4.816241688555791,1.0
1.0,AC+CBF+AER,AC+CBF+AER,0.0,0.0,0.0,0.0,0.0,0.0,0.0,0.0,0.0,3.8025259567893555,0.5657807718650489,4.399305521936842,0.7655100323921162,4.1372639227805665,0.7789278176542948,6.7975772401114565,0.1401954293950703,2.5029263099077452,0.4316746059771436,4.8074526027597955,1.0
1.0,Full,Full,0.0,0.0,0.0,0.0,0.0,0.0,0.0,0.0,0.0,3.9190781653885467,0.41871713050357845,3.9630721274189775,0.5154619770628027,5.674985229999082,0.6465275126725997,6.874783490482153,0.12355644184593226,1.910088407162395,0.3908475279053094,4.986280052613604,1.0
1.3,AC,AC,0.0007142857142857001,0.001597191412499818,0.2,0.0,0.0,0.0,0.0007142857142857001,0.001597191412499818,0.2,0.8440589814549426,0.5751366374743491,2.256746904157862,0.10668297040126297,0.8440589814549426,0.5751366374743491,7.394596208835026,2.2957372554688558,3.277092087673666,0.542875592112942,4.839023984368064,1.0
1.3,AC+CBF,AC+CBF,0.0,0.0,0.0,0.0,0.0,0.0,0.0,0.0,0.0,2.025436913451275,0.8423460914935254,4.254285814991589,0.9408164558071412,2.025436913451275,0.8423460914935254,6.971215294039157,0.14713210348668124,3.277092087673666,0.542875592112942,4.807899378638675,1.0
1.3,AC+CBF+PER,AC+CBF+PER,0.0,0.0,0.0,0.0,0.0,0.0,0.0,0.0,0.0,1.8178240510296508,1.2317072463320984,4.297990507964944,0.9862800247537612,1.8178240510296508,1.2317072463320984,6.725424800512293,0.19010960704926097,3.277092087673666,0.542875592112942,4.8610699395506956,1.0
1.3,AC+CBF+UE,AC+CBF+UE,0.0,0.0,0.0,0.0,0.0,0.0,0.0,0.0,0.0,3.665808573614877,0.5454714368453962,3.7444273503435284,0.7113958397450149,5.1765257559625395,0.48453111725383496,7.129561342758568,0.15679485098240306,2.8297903693736886,0.5727165403860648,4.832842493510315,1.0
1.3,AC+CBF+AER,AC+CBF+AER,0.0,0.0,0.0,0.0,0.0,0.0,0.0,0.0,0.0,3.5255424891782012,0.79207681550359,4.361215641775961,0.9830852530847815,3.9716301694660396,1.0232448683964415,6.81640726132334,0.17196352356880845,3.277092087673666,0.542875592112942,4.800748910899819,1.0
1.3,Full,Full,0.0,0.0,0.0,0.0,0.0,0.0,0.0,0.0,0.0,3.684466200553898,0.5249696238060279,3.753130876100491,0.6762350194430006,5.87785624942086,0.7782376615621658,6.930354428079092,0.16268982994446265,2.338641720554369,0.3991077693691842,4.9113495555223485,1.0
1.6,AC,AC,0.0014285714285714201,0.00319438282499968,0.4,0.0,0.0,0.0,0.0014285714285714201,0.00319438282499968,0.4,0.7020092334839051,0.8846882911161336,2.2510241919028626,0.12104891579573329,0.7020092334839051,0.8846882911161336,8.43425892045575,4.62055607225184,4.09036760345415,0.7691863700391306,4.779394977375302,1.0
1.6,AC+CBF,AC+CBF,0.0,0.0,0.0,0.0,0.0,0.0,0.0,0.0,0.0,1.4997722006684229,1.1668305581502891,4.166425775578685,1.1381518307929768,1.4997722006684229,1.1668305581502891,7.004838962955398,0.19036134834833876,4.09036760345415,0.7691863700391306,4.857511489521106,1.0
1.6,AC+CBF+PER,AC+CBF+PER,0.0007142857142857001,0.001597191412499818,0.2,0.0,0.0,0.0,0.0007142857142857001,0.001597191412499818,0.2,1.5186761295668967,1.293559437994895,4.121064335301144,1.159053698420624,1.5186761295668967,1.293559437994895,7.7982817188735725,2.429638750454908,4.09036760345415,0.7691863700391306,4.915999441406196,1.0
1.6,AC+CBF+UE,AC+CBF+UE,0.0,0.0,0.0,0.0,0.0,0.0,0.0,0.0,0.0,3.4114036614301915,0.5840694100458587,3.5343344349839656,0.848367235390891,5.3882633127973865,0.8074507206645608,7.271404735548765,0.28238066870411577,3.4819840890441056,0.83214883670095,4.711873332618658,1.0
1.6,AC+CBF+AER,AC+CBF+AER,0.0,0.0,0.0,0.0,0.0,0.0,0.0,0.0,0.0,3.2385623615579284,0.824514011987423,4.123788581079783,1.1760021087130141,3.536230774883932,0.9888890466035768,6.860086573820071,0.17830731331872002,4.09036760345415,0.7691863700391306,4.851325348486391,1.0
1.6,Full,Full,0.0,0.0,0.0,0.0,0.0,0.0,0.0,0.0,0.0,3.4498858381091906,0.6369579085846068,3.5367767780765673,0.8305714811470023,6.0314673306798525,0.8650181945637523,7.012688607514558,0.1871209306215299,2.6713457059710093,0.40339478259431877,4.798695288139877,1.0
2.0,AC,AC,0.00357142857142854,0.006185895741317382,1.0,0.0,0.0,0.0,0.00357142857142854,0.006185895741317382,1.0,0.6179456465485471,1.1963392354950773,2.243933456711618,0.14146263533403713,0.6179456465485471,1.1963392354950773,11.532496880246075,8.991136809304592,5.061329272240752,0.7991264357011743,4.71116325736985,1.0
2.0,AC+CBF,AC+CBF,0.0007142857142857001,0.001597191412499818,0.2,0.0,0.0,0.0,0.0007142857142857001,0.001597191412499818,0.2,1.2380536690819122,1.454949798679199,4.127008117099991,1.4138729237423455,1.2380536690819122,1.454949798679199,8.057483019181904,2.1344758964320816,5.061329272240752,0.7991264357011743,4.807810198039436,1.0
2.0,AC+CBF+PER,AC+CBF+PER,0.00214285714285712,0.003194382824999675,0.6,0.0,0.0,0.0,0.00214285714285712,0.003194382824999675,0.6,1.1390571218848344,1.3484601200141109,4.038601893711369,1.3394088357157743,1.1390571218848344,1.3484601200141109,9.890439606214883,4.659664037814293,5.061329272240752,0.7991264357011743,4.891092620982792,1.0
2.0,AC+CBF+UE,AC+CBF+UE,0.0,0.0,0.0,0.0,0.0,0.0,0.0,0.0,0.0,3.2636449108839884,0.5902094146312306,3.461652883517158,1.026041815129432,5.358081984602462,1.1181973559882457,7.294893082347208,0.283805434043228,4.11416160507291,0.8349564286876421,4.692213103195331,1.0
2.0,AC+CBF+AER,AC+CBF+AER,0.0,0.0,0.0,0.0,0.0,0.0,0.0,0.0,0.0,3.0376321744857093,0.947238747556612,4.14879986389631,1.4420070663620899,3.1813984099242925,1.020644785696852,6.88387829116796,0.21101398520060935,5.061329272240752,0.7991264357011743,4.818337533430535,1.0
2.0,Full,Full,0.0,0.0,0.0,0.0,0.0,0.0,0.0,0.0,0.0,3.3054178416411304,0.6600117557952443,3.449716183394446,0.9799743364750789,6.00587686033022,0.9826779307415332,7.084631248418566,0.2445326803863799,3.000003936052969,0.4150783280007011,4.6407485101840695,1.0
2.2,AC,AC,0.00428571428571426,0.007742672638813833,1.2,0.0,0.0,0.0,0.00428571428571426,0.007742672638813833,1.2,0.402478365962581,1.235409869663662,2.2422443638721186,0.15210937208667413,0.402478365962581,1.235409869663662,12.576761610636437,11.251809438151477,5.488060473923982,0.9990595921637921,4.695387262744879,1.0
2.2,AC+CBF,AC+CBF,0.00214285714285712,0.003194382824999675,0.6,0.0,0.0,0.0,0.00214285714285712,0.003194382824999675,0.6,0.9352368448667849,1.438473975100577,3.897894480928872,1.683071310753923,0.9352368448667849,1.438473975100577,10.248126982451897,4.442897318834578,5.488060473923982,0.9990595921637921,4.931969002235627,1.0
2.2,AC+CBF+PER,AC+CBF+PER,0.0028571428571428402,0.0046565731465733114,0.8,0.0,0.0,0.0,0.0028571428571428402,0.0046565731465733114,0.8,1.0269386264939062,1.3913695466031182,3.8170872590950418,1.4832722874070112,1.0269386264939062,1.3913695466031182,11.045161749938647,6.863455129154857,5.488060473923982,0.9990595921637921,4.86235137459312,1.0
2.2,AC+CBF+UE,AC+CBF+UE,0.0,0.0,0.0,0.0,0.0,0.0,0.0,0.0,0.0,3.058404117361158,0.6952399471350734,3.3031764135924626,1.2160213617084068,5.420944748343788,1.160780949324967,7.466848123804111,0.3601893195912585,4.402708465928296,0.9289282228775755,4.750527219942893,1.0
2.2,AC+CBF+AER,AC+CBF+AER,0.0,0.0,0.0,0.0,0.0,0.0,0.0,0.0,0.0,2.5996690099185935,0.9058130162200396,3.9333350221405476,1.7235860692347544,2.794278037029643,1.0404045585667863,6.9860230587143075,0.2986680368092257,5.488060473923982,0.9990595921637921,4.757021255392788,1.0
2.2,Full,Full,0.0,0.0,0.0,0.0,0.0,0.0,0.0,0.0,0.0,3.057820411867655,0.7820419399170194,3.231916190783532,1.163879179262552,6.024014994516527,1.0627059043848996,7.236028415884297,0.3738393071901527,3.1148592617520885,0.34929363717189565,4.6504117631884885,1.0
2.6,AC,AC,0.0057142857142857,0.009313146293146628,1.6,0.0,0.0,0.0,0.0057142857142857,0.009313146293146628,1.6,0.09712052030378333,0.9924529573378063,2.2420807374195335,0.17602269285893393,0.09712052030378333,0.9924529573378063,14.63213172292705,13.558781139015927,6.445389642691362,1.1483411487789474,4.620772167684164,1.0
2.6,AC+CBF,AC+CBF,0.0028571428571428402,0.004656573146573312,0.8,0.0,0.0,0.0,0.0028571428571428402,0.004656573146573312,0.8,0.525254697031573,1.0738198858531243,3.8562633942342943,1.6592274146148436,0.525254697031573,1.0738198858531243,11.284487254337634,6.555174097682331,6.445389642691362,1.1483411487789474,4.823626467197615,1.0
2.6,AC+CBF+PER,AC+CBF+PER,0.00357142857142854,0.006185895741317382,1.0,0.0,0.0,0.0,0.00357142857142854,0.006185895741317382,1.0,0.6147177815452654,1.259436785927396,3.7665584158955037,1.508660282937548,0.6147177815452654,1.259436785927396,12.074508566183958,9.152080501844326,6.445389642691362,1.1483411487789474,4.899582155191765,1.0
2.6,AC+CBF+UE,AC+CBF+UE,0.0,0.0,0.0,0.0,0.0,0.0,0.0,0.0,0.0,2.8245319727655613,0.5189675836971537,3.326054324990179,1.583250944853993,5.000911496926408,1.6021974561450512,7.512924513255776,0.45915691188208047,5.187372439504967,1.0466721287213516,4.778557799658776,1.0
2.6,AC+CBF+AER,AC+CBF+AER,0.0,0.0,0.0,0.0,0.0,0.0,0.0,0.0,0.0,2.170286811593006,0.7051881802238131,3.8536351923497265,1.708207759280418,2.275000294594367,0.8678759450904407,6.980656730702752,0.33729876960097094,6.445389642691362,1.1483411487789474,4.7381943641964845,1.0
2.6,Full,Full,0.0,0.0,0.0,0.0,0.0,0.0,0.0,0.0,0.0,2.8520642933023415,0.5529951606013622,3.29245779274628,1.505997641958219,5.965294839439987,1.4013072473561166,7.335245515186233,0.4802312560378045,3.519910319218455,0.38788122814499854,4.734687419811438,1.0
3.0,AC,AC,0.00785714285714284,0.012474463711837814,2.2,0.0,0.0,0.0,0.00785714285714284,0.012474463711837814,2.2,-0.30559477078370795,1.1454969737943002,2.2217288011335556,0.20307858476285662,-0.30559477078370795,1.1454969737943002,17.75218547955903,18.164724840904665,7.494045483426109,1.3863619307909472,4.959800588594598,1.0
3.0,AC+CBF,AC+CBF,0.00357142857142856,0.005050762722761041,1.0,0.0,0.0,0.0,0.00357142857142856,0.005050762722761041,1.0,0.30353413330455997,1.146107014118249,3.6441637464131262,1.686534280537551,0.30353413330455997,1.146107014118249,12.453522842758598,7.135776975695544,7.494045483426109,1.3863619307909472,5.0144056498120175,1.0
3.0,AC+CBF+PER,AC+CBF+PER,0.0057142857142857,0.008222046023729505,1.6,0.0,0.0,0.0,0.0057142857142857,0.008222046023729505,1.6,0.3473383075432035,1.3925068099208466,3.6288940477791085,1.6038330455993217,0.3473383075432035,1.3925068099208466,15.315889686230552,11.96627001681559,7.494045483426109,1.3863619307909472,4.915093068322994,1.0
3.0,AC+CBF+UE,AC+CBF+UE,0.0,0.0,0.0,0.0,0.0,0.0,0.0,0.0,0.0,2.581787455588774,0.41619375292106014,3.3690351163504557,2.0002460227073655,4.845721756529882,1.7593459764558277,7.935934027833964,0.872151101177232,5.7896834888405575,1.1410796996262307,4.702021040387595,1.0
3.0,AC+CBF+AER,AC+CBF+AER,0.0,0.0,0.0,0.0,0.0,0.0,0.0,0.0,0.0,2.0075420365613352,0.7983186775795856,3.6639214773035675,1.7541338093386019,2.1702659052403197,1.041385174197449,7.128618354293058,0.46867348022265,7.494045483426109,1.3863619307909472,4.881459275340122,1.0
3.0,Full,Full,0.0,0.0,0.0,0.0,0.0,0.0,0.0,0.0,0.0,2.6793004776056764,0.5342325101166753,3.190553022977812,1.6453716582910547,5.82717264360036,1.580949285293573,7.650255852384797,0.7529535293043587,3.776958031408417,0.4378564502765595,4.755196975326217,1.0
3.5,AC,AC,0.00857142857142854,0.011736911946539247,2.4,0.0,0.0,0.0,0.00857142857142854,0.011736911946539247,2.4,-0.5502278800206482,0.9792932598089098,2.208121393605315,0.21874779621090276,-0.5502278800206482,0.9792932598089098,18.782081204950913,17.09540952562651,8.627876139552104,1.6682953410601737,4.837937735224824,1.0
3.5,AC+CBF,AC+CBF,0.00428571428571428,0.00586845597326963,1.2,0.0,0.0,0.0,0.00428571428571428,0.00586845597326963,1.2,-0.05442924143980119,0.9941421061618914,3.564905271758269,1.520284423197374,-0.05442924143980119,0.9941421061618914,13.550357447347551,8.49865838951935,8.627876139552104,1.6682953410601737,4.740945507040167,1.0
3.5,AC+CBF+PER,AC+CBF+PER,0.0057142857142857,0.008222046023729505,1.6,0.0,0.0,0.0,0.0057142857142857,0.008222046023729505,1.6,-0.0008595125666535308,1.3222325897024547,3.5938421910016864,1.5636975784472646,-0.0008595125666535308,1.3222325897024547,15.388679769541687,11.971898286360874,8.627876139552104,1.6682953410601737,4.7951351487165725,1.0
3.5,AC+CBF+UE,AC+CBF+UE,0.0,0.0,0.0,0.0,0.0,0.0,0.0,0.0,0.0,2.4731711262245257,0.3859320947079632,3.3935758420523134,2.125424762023851,4.454527042141107,2.000058617730948,8.213287746760859,1.156670703960146,6.5923341088055425,1.3467447829389059,4.837969613010567,1.0
3.5,AC+CBF+AER,AC+CBF+AER,0.0,0.0,0.0,0.0,0.0,0.0,0.0,0.0,0.0,1.633926162316635,0.8192568822108469,3.6022384864581967,1.5779653907249824,1.8089618624155346,1.1003633612385793,7.195812130235528,0.5430886740460554,8.627876139552104,1.6682953410601737,4.7552046926640985,1.0
3.5,Full,Full,0.0,0.0,0.0,0.0,0.0,0.0,0.0,0.0,0.0,2.4129908738774986,0.27921958798723934,3.3151227949772086,2.1274130105373223,5.98484060507869,1.9930582935134589,7.920197766909472,0.9895946239156135,4.18007310090834,0.5204804074685391,4.871651588099089,1.0
4.0,AC,AC,0.00999999999999998,0.013219111088086946,2.8,0.0,0.0,0.0,0.00999999999999998,0.013219111088086946,2.8,-0.6598893219033803,0.7470721586233361,2.2010932961209133,0.23758450065365025,-0.6598893219033803,0.7470721586233361,20.85894805052248,19.250414762049097,9.974739439945298,1.6991111559557475,4.813396950583802,1.0
4.0,AC+CBF,AC+CBF,0.00499999999999998,0.0069619959605778,1.4,0.0,0.0,0.0,0.00499999999999998,0.0069619959605778,1.4,-0.060117279652063,0.7046343881313284,3.4268254155431053,1.732250068652959,-0.060117279652063,0.7046343881313284,14.8118633183085,9.856732033545931,9.974739439945298,1.6991111559557475,4.929834724946502,1.0
4.0,AC+CBF+PER,AC+CBF+PER,0.0064285714285714,0.008892785427134772,1.8,0.0,0.0,0.0,0.0064285714285714,0.008892785427134772,1.8,-0.1857975168793113,0.9996789760904469,3.402470263803888,1.7169872275416769,-0.1857975168793113,0.9996789760904469,16.64308199309554,13.01731174498691,9.974739439945298,1.6991111559557475,4.751101977532872,1.0
4.0,AC+CBF+UE,AC+CBF+UE,0.0,0.0,0.0,0.0,0.0,0.0,0.0,0.0,0.0,2.102255161735816,0.5030174368252147,3.271573121785149,2.1701175875757124,4.323702970682935,2.5772507484800573,8.580922540079216,1.4130509662511566,7.355724201945745,1.499024063341497,4.8803370964617,1.0
4.0,AC+CBF+AER,AC+CBF+AER,0.00214285714285714,0.004791574237499543,0.6,0.0,0.0,0.0,0.00214285714285714,0.004791574237499543,0.6,0.9186644508294256,0.9535975683445636,3.5641496484321897,2.076554464437638,0.9186644508294256,0.9535975683445636,10.518415559126918,6.442028094633012,9.974739439945298,1.6991111559557475,4.7028819456894,1.0
4.0,Full,Full,0.0,0.0,0.0,0.0,0.0,0.0,0.0,0.0,0.0,2.355183305280581,0.27046338603802367,2.355183305280581,0.27046338603802367,6.9945640162778915,0.42262028249778555,8.44249899499022,1.0880812350539946,4.32878529497247,0.40836385295301997,4.844371504019042,1.0
4.5,AC,AC,0.01357142857142854,0.010534200859823302,3.8,0.0,0.0,0.0,0.01357142857142854,0.010534200859823302,3.8,-0.9441146317758584,0.6330955996490336,2.2575112256576775,0.331071629056438,-0.9441146317758584,0.6330955996490336,26.0728538883368,15.325175939195795,11.131195582299473,2.0709337558951715,4.539417778000951,1.0
4.5,AC+CBF,AC+CBF,0.0057142857142857,0.005416339602893955,1.6,0.0,0.0,0.0,0.0057142857142857,0.005416339602893955,1.6,-0.44155224344895505,0.6489061544683736,3.070282139533673,1.0582544260443556,-0.44155224344895505,0.6489061544683736,16.008151506034675,7.834719685542148,11.131195582299473,2.0709337558951715,4.836689757910371,1.0
4.5,AC+CBF+PER,AC+CBF+PER,0.00714285714285712,0.007576144084141559,2.0,0.0,0.0,0.0,0.00714285714285712,0.007576144084141559,2.0,-0.4981570627821908,0.8699073770042741,3.371434479888998,1.7276213636979763,-0.4981570627821908,0.8699073770042741,17.83071722241826,11.354038226575977,11.131195582299473,2.0709337558951715,4.711786708630536,1.0
4.5,AC+CBF+UE,AC+CBF+UE,0.0,0.0,0.0,0.0,0.0,0.0,0.0,0.0,0.0,2.2462632045852993,0.454980301055634,3.189837388125357,2.149860955685207,4.265198505277131,2.077109048078501,9.935139860434868,3.2409974142603613,8.132568264433862,1.5857761081844333,21.424562787207584,0.8
4.5,AC+CBF+AER,AC+CBF+AER,0.0014285714285714201,0.0031943828249996805,0.4,0.0,0.0,0.0,0.0014285714285714201,0.0031943828249996805,0.4,0.5160482200681843,0.821492814659518,3.570409041279838,2.184452725797523,0.5160482200681843,0.821492814659518,9.628332282715844,4.937526009581348,11.131195582299473,2.0709337558951715,4.642023904235564,1.0
4.5,Full,Full,0.0,0.0,0.0,0.0,0.0,0.0,0.0,0.0,0.0,2.463094223346546,0.4315622869561134,2.463094223346546,0.4315622869561134,7.091981857447529,0.47268577157582353,8.323851644721717,1.0139997685036046,4.17041362964016,0.6199166364442319,4.810725256805055,1.0
