step,time,stress,sensor_stream_hash,sensor_valid_fraction,sensor_observable_jump_score,sensor_hidden_event,obs1_true_x,obs1_true_y,obs1_raw_x,obs1_raw_y,obs1_valid,obs1_jump_score,obs1_hidden_event,obs1_reported_sigma,obs1_raw_error,obs2_true_x,obs2_true_y,obs2_raw_x,obs2_raw_y,obs2_valid,obs2_jump_score,obs2_hidden_event,obs2_reported_sigma,obs2_raw_error
0,0.0,6.0,4b2b7a53999e0e21acc8e7d4f9d977def8dcb7227d8607a11766c0fb7e132fdb,1.0,1.0,0,0.82,1.6,0.7695966562677187,1.6487732881666777,1,1.0,0,0.01,0.0701379405028708,1.82,0.92,1.73934710010347,1.0001277694180994,1,1.0,0,0.01,0.1136897079494877
1,0.055,6.0,4b2b7a53999e0e21acc8e7d4f9d977def8dcb7227d8607a11766c0fb7e132fdb,1.0,0.2292644631300485,0,0.82,1.6,0.7748499194027935,1.663686565518885,1,0.3162294198522357,0,0.01,0.0780673325119122,1.82,0.92,1.736607611367062,1.0066942049255034,1,0.1422995064078614,0,0.01,0.120292043168167
2,0.11,6.0,4b2b7a53999e0e21acc8e7d4f9d977def8dcb7227d8607a11766c0fb7e132fdb,1.0,0.3917931405390807,0,0.82,1.6,0.7868303852110224,1.6430278928254776,1,0.4776242533353949,0,0.01,0.0543288404648022,1.82,0.92,1.72543958406391,0.9962392026678653,1,0.3059620277427665,0,0.01,0.1214664080535773
3,0.165,6.0,4b2b7a53999e0e21acc8e7d4f9d977def8dcb7227d8607a11766c0fb7e132fdb,1.0,0.396143550363269,0,0.82,1.6,0.7708269877371926,1.6503968820333146,1,0.3523695404830569,0,0.01,0.0704118658585186,1.82,0.92,1.7427062375657447,1.00986569621441,1,0.4399175602434811,0,0.01,0.1185334090766974
4,0.22,6.0,4b2b7a53999e0e21acc8e7d4f9d977def8dcb7227d8607a11766c0fb7e132fdb,1.0,0.1437217147731508,0,0.82,1.6,0.7620929602429911,1.6515552750711755,1,0.1762102275120626,0,0.01,0.0775317460211258,1.82,0.92,1.7373789109494076,1.0082683064029236,1,0.1112332020342389,0,0.01,0.1209030118365392
5,0.275,6.0,4b2b7a53999e0e21acc8e7d4f9d977def8dcb7227d8607a11766c0fb7e132fdb,1.0,0.2904129173841684,0,0.82,1.6,0.7505508127631758,1.6434052815283084,1,0.2825905611973487,0,0.01,0.0818975461928327,1.82,0.92,1.7227534168748146,1.0053604516818355,1,0.2982352735709881,0,0.01,0.1293959220410388
6,0.33,6.0,4b2b7a53999e0e21acc8e7d4f9d977def8dcb7227d8607a11766c0fb7e132fdb,1.0,0.0829066083221046,0,0.82,1.6,0.7499209292667982,1.6407858573410574,1,0.0538818570272576,0,0.01,0.0810836747679468,1.82,0.92,1.7235692727501788,1.0108972334505966,1,0.1119313596169517,0,0.01,0.1325186485250346
7,0.385,6.0,4b2b7a53999e0e21acc8e7d4f9d977def8dcb7227d8607a11766c0fb7e132fdb,1.0,0.2018254882717971,0,0.82,1.6,0.7552185701624103,1.6482542686996149,1,0.1831307372119626,0,0.01,0.0807781412235833,1.82,0.92,1.7274323861800744,1.0005701189206342,1,0.2205202393316315,0,0.01,0.1227204432488736
8,0.44,6.0,4b2b7a53999e0e21acc8e7d4f9d977def8dcb7227d8607a11766c0fb7e132fdb,1.0,0.4795634829823069,0,0.82,1.6,0.7281685631766599,1.638448848208371,1,0.5754473560419765,0,0.01,0.0995556463370583,1.82,0.92,1.7202086829131846,1.018342097392034,1,0.3836796099226372,0,0.01,0.1401052286154432
9,0.495,6.0,4b2b7a53999e0e21acc8e7d4f9d977def8dcb7227d8607a11766c0fb7e132fdb,1.0,0.2043905384343983,0,0.82,1.6,0.7249552963609618,1.652357736147644,1,0.2855046390769308,0,0.01,0.1085118805677004,1.82,0.92,1.7234445893687145,1.0235882016321047,1,0.1232764377918658,0,0.01,0.1416102497686864
10,0.55,6.0,4b2b7a53999e0e21acc8e7d4f9d977def8dcb7227d8607a11766c0fb7e132fdb,1.0,0.2635486608928785,0,0.82,1.6,0.740285534092164,1.653197913997662,1,0.3070648711362714,0,0.01,0.0958353490559416,1.82,0.92,1.7235005993388255,1.01258672167574,1,0.2200324506494856,0,0.01,0.133732701156549
11,0.605,6.0,4b2b7a53999e0e21acc8e7d4f9d977def8dcb7227d8607a11766c0fb7e132fdb,1.0,0.2893355565717879,0,0.82,1.6,0.7340987994397887,1.667697626460035,1,0.3152886595806412,0,0.01,0.1093708594005187,1.82,0.92,1.7293163293092602,1.024402096279326,1,0.2633824535629346,0,0.01,0.1382871137794994
12,0.66,6.0,4b2b7a53999e0e21acc8e7d4f9d977def8dcb7227d8607a11766c0fb7e132fdb,1.0,0.2374451021275216,0,0.82,1.6,0.7246212514539945,1.6590918787403657,1,0.2560334428449762,0,0.01,0.1122005160739833,1.82,0.92,1.7228711988243162,1.033245511799887,1,0.2188567614100671,0,0.01,0.1491929956822502
13,0.715,6.0,4b2b7a53999e0e21acc8e7d4f9d977def8dcb7227d8607a11766c0fb7e132fdb,1.0,0.2735309120521335,0,0.82,1.6,0.7410718178957012,1.6674881574161586,1,0.3693879434169917,0,0.01,0.1038475292037203,1.82,0.92,1.7242952327272152,1.042014328546723,1,0.1776738806872753,0,0.01,0.1550706253596907
14,0.77,6.0,4b2b7a53999e0e21acc8e7d4f9d977def8dcb7227d8607a11766c0fb7e132fdb,1.0,0.3715481768768199,0,0.82,1.6,0.7232935894755504,1.6555530348062462,1,0.4282581265884863,0,0.01,0.1115269900638735,1.82,0.92,1.7156143175347176,1.0288823262381674,1,0.3148382271651535,0,0.01,0.1508367716134812
15,0.825,6.0,4b2b7a53999e0e21acc8e7d4f9d977def8dcb7227d8607a11766c0fb7e132fdb,1.0,0.3046563898752754,0,0.82,1.6,0.7106952052765687,1.6687027724004708,1,0.3642169041777815,0,0.01,0.1291030947926591,1.82,0.92,1.7209431927439849,1.0399178624535497,1,0.2450958755727692,0,0.01,0.155539528092327
16,0.88,6.0,4b2b7a53999e0e21acc8e7d4f9d977def8dcb7227d8607a11766c0fb7e132fdb,1.0,0.2679803563130086,0,0.82,1.6,0.7087802284782104,1.667494361878029,1,0.0452874911161962,0,0.01,0.130097373004536,1.82,0.92,1.733271954326975,1.0187069651694447,1,0.4906732215098209,0,0.01,0.1313956577639622
17,0.935,6.0,4b2b7a53999e0e21acc8e7d4f9d977def8dcb7227d8607a11766c0fb7e132fdb,1.0,0.2938792544221406,0,0.82,1.6,0.7239160614658855,1.6751803009048083,1,0.3395097046943802,0,0.01,0.1220008233101932,1.82,0.92,1.736338215507009,1.030734712850555,1,0.2482488041499009,0,0.01,0.1387857010453402
18,0.99,6.0,4b2b7a53999e0e21acc8e7d4f9d977def8dcb7227d8607a11766c0fb7e132fdb,1.0,0.2928575156246358,0,0.82,1.6,0.7083475314178874,1.69019465545681,1,0.4325783029550283,0,0.01,0.1435317024683127,1.82,0.92,1.7419332901188933,1.0255076406328494,1,0.1531367282942433,0,0.01,0.1312488987518423
19,1.045,6.0,4b2b7a53999e0e21acc8e7d4f9d977def8dcb7227d8607a11766c0fb7e132fdb,1.0,0.4399823632387619,0,0.82,1.6,0.7330798297240068,1.6899516005708606,1,0.4946698515901114,0,0.01,0.1250855964772414,1.82,0.92,1.723161195736044,1.0211788042975667,1,0.3852948748874123,0,0.01,0.1400532200642244
20,1.1,6.0,4b2b7a53999e0e21acc8e7d4f9d977def8dcb7227d8607a11766c0fb7e132fdb,0.5,0.1791182088661425,0,0.82,1.6,0.7330798297240068,1.6899516005708606,0,0.0,0,0.01,0.1250855964772414,1.82,0.92,1.7402266211792066,1.015737795023727,1,0.3582364177322851,0,0.01,0.1246174841845676
21,1.155,6.0,4b2b7a53999e0e21acc8e7d4f9d977def8dcb7227d8607a11766c0fb7e132fdb,0.5,0.1524327495608014,0,0.82,1.6,0.7330798297240068,1.6899516005708606,0,0.0,0,0.01,0.1250855964772414,1.82,0.92,1.725906617010033,1.020962248294789,1,0.3048654991216028,0,0.01,0.1380106528614195
22,1.21,6.0,4b2b7a53999e0e21acc8e7d4f9d977def8dcb7227d8607a11766c0fb7e132fdb,0.0,0.0,0,0.82,1.6,0.7330798297240068,1.6899516005708606,0,0.0,0,0.01,0.1250855964772414,1.82,0.92,1.725906617010033,1.020962248294789,0,0.0,0,0.01,0.1380106528614195
23,1.265,6.0,4b2b7a53999e0e21acc8e7d4f9d977def8dcb7227d8607a11766c0fb7e132fdb,0.5,0.3305572845459284,0,0.82,1.6,0.7329360947485524,1.723007016525294,1,0.6611145690918568,0,0.01,0.1507011934660338,1.82,0.92,1.725906617010033,1.020962248294789,0,0.0,0,0.01,0.1380106528614195
24,1.32,6.0,4b2b7a53999e0e21acc8e7d4f9d977def8dcb7227d8607a11766c0fb7e132fdb,0.5,0.2244785375528006,0,0.82,1.6,0.727874030685518,1.7011373652788708,1,0.4489570751056013,0,0.01,0.1368062896130313,1.82,0.92,1.725906617010033,1.020962248294789,0,0.0,0,0.01,0.1380106528614195
25,1.375,6.0,4b2b7a53999e0e21acc8e7d4f9d977def8dcb7227d8607a11766c0fb7e132fdb,0.5,0.1964380924361481,0,0.82,1.6,0.7218860586816832,1.7198462784723414,1,0.3928761848722962,0,0.01,0.1548853638814335,1.82,0.92,1.725906617010033,1.020962248294789,0,0.0,0,0.01,0.1380106528614195
26,1.43,6.0,4b2b7a53999e0e21acc8e7d4f9d977def8dcb7227d8607a11766c0fb7e132fdb,1.0,0.3393714834439738,0,0.82,1.6,0.7288673537412728,1.7080404074175362,1,0.2743115543113251,0,0.01,0.1413431598948654,1.82,0.92,1.7250583065209797,1.0411660174483646,1,0.4044314125766226,0,0.01,0.1539322219191345
27,1.485,6.0,4b2b7a53999e0e21acc8e7d4f9d977def8dcb7227d8607a11766c0fb7e132fdb,1.0,0.2123045829425205,0,0.82,1.6,0.7192564331853003,1.7150569893224858,1,0.2379934583656293,0,0.01,0.1529293204277794,1.82,0.92,1.7245155872651887,1.0318510289061376,1,0.1866157075194117,0,0.01,0.1470643591856076
28,1.54,6.0,4b2b7a53999e0e21acc8e7d4f9d977def8dcb7227d8607a11766c0fb7e132fdb,1.0,0.4309991138246019,0,0.82,1.6,0.7351578628875532,1.739999571093086,1,0.5916038715082136,0,0.01,0.1637011549624963,1.82,0.92,1.7179583154287037,1.0436740976974748,1,0.2703943561409901,0,0.01,0.1603364831578654
29,1.595,6.0,4b2b7a53999e0e21acc8e7d4f9d977def8dcb7227d8607a11766c0fb7e132fdb,1.0,0.4141234291936242,0,0.82,1.6,0.7330153223178572,1.727053880345495,1,0.2624358123618495,0,0.01,0.153977344639767,1.82,0.92,1.7461360945840727,1.0461976094137428,1,0.565811046025399,0,0.01,0.1462248718414095
30,1.65,6.0,4b2b7a53999e0e21acc8e7d4f9d977def8dcb7227d8607a11766c0fb7e132fdb,1.0,0.3919703271282654,0,0.82,1.6,0.7474980440254873,1.7175084055633023,1,0.3469093927112003,0,0.01,0.1380751932758368,1.82,0.92,1.7595884843502376,1.0634174821919875,1,0.4370312615453305,0,0.01,0.1556217382674753
31,1.705,6.0,4b2b7a53999e0e21acc8e7d4f9d977def8dcb7227d8607a11766c0fb7e132fdb,1.0,0.2255576919345856,0,0.82,1.6,0.7663061541866599,1.7131081864057938,1,0.3863195239533782,0,0.01,0.1252057942358679,1.82,0.92,1.762514902240113,1.0620273969466214,1,0.064795859915793,0,0.01,0.1532198353604941
32,1.76,6.0,4b2b7a53999e0e21acc8e7d4f9d977def8dcb7227d8607a11766c0fb7e132fdb,1.0,0.3353315744735619,0,0.82,1.6,0.7715885765428164,1.7181002092142392,1,0.1453606241990749,0,0.01,0.1276374762269992,1.82,0.92,1.7826578720829236,1.0451716079654343,1,0.525302524748049,0,0.01,0.1306229916899305
33,1.815,6.0,4b2b7a53999e0e21acc8e7d4f9d977def8dcb7227d8607a11766c0fb7e132fdb,0.5,0.0918894916522513,0,0.82,1.6,0.7803564182364283,1.7208500708101842,1,0.1837789833045027,0,0.01,0.1271862932468412,1.82,0.92,1.7826578720829236,1.0451716079654343,0,0.0,0,0.01,0.1306229916899305
34,1.87,6.0,4b2b7a53999e0e21acc8e7d4f9d977def8dcb7227d8607a11766c0fb7e132fdb,0.5,0.1799110597999464,0,0.82,1.6,0.763098109055412,1.715767683713962,1,0.3598221195998928,0,0.01,0.1289960533720535,1.82,0.92,1.7826578720829236,1.0451716079654343,0,0.0,0,0.01,0.1306229916899305
35,1.925,6.0,4b2b7a53999e0e21acc8e7d4f9d977def8dcb7227d8607a11766c0fb7e132fdb,0.5,0.2509696973345107,0,0.82,1.6,0.7706465553795401,1.739702571386427,1,0.5019393946690215,0,0.01,0.1481640001750914,1.82,0.92,1.7826578720829236,1.0451716079654343,0,0.0,0,0.01,0.1306229916899305
36,1.98,6.0,4b2b7a53999e0e21acc8e7d4f9d977def8dcb7227d8607a11766c0fb7e132fdb,1.0,0.5749686265718899,0,0.82,1.6,0.7947803366348353,1.7317921045974256,1,0.5079428639122043,0,0.01,0.1341834201921794,1.82,0.92,1.76666647419453,1.017338764361391,1,0.6419943892315753,0,0.01,0.1109923421783914
37,2.035,6.0,4b2b7a53999e0e21acc8e7d4f9d977def8dcb7227d8607a11766c0fb7e132fdb,0.5,0.1383582625766801,0,0.82,1.6,0.7947803366348353,1.7317921045974256,0,0.0,0,0.01,0.1341834201921794,1.82,0.92,1.775826193341106,1.0277084139884625,1,0.2767165251533602,0,0.01,0.1164148944020797
38,2.09,6.0,4b2b7a53999e0e21acc8e7d4f9d977def8dcb7227d8607a11766c0fb7e132fdb,0.5,0.0301269838957349,0,0.82,1.6,0.7947803366348353,1.7317921045974256,0,0.0,0,0.01,0.1341834201921794,1.82,0.92,1.7785654014457415,1.0264541849240425,1,0.0602539677914699,0,0.01,0.1142336178416613
39,2.145,6.0,4b2b7a53999e0e21acc8e7d4f9d977def8dcb7227d8607a11766c0fb7e132fdb,0.5,0.0854074286441549,0,0.82,1.6,0.7947803366348353,1.7317921045974256,0,0.0,0,0.01,0.1341834201921794,1.82,0.92,1.786278653276116,1.03012161384323,1,0.1708148572883099,0,0.01,0.1151690021677267
40,2.2,6.0,4b2b7a53999e0e21acc8e7d4f9d977def8dcb7227d8607a11766c0fb7e132fdb,0.5,0.1965685016254238,0,0.82,1.6,0.7947803366348353,1.7317921045974256,0,0.0,0,0.01,0.1341834201921794,1.82,0.92,1.789578140191419,1.0494995689574411,1,0.3931370032508477,0,0.01,0.1330249146377324
41,2.255,6.0,4b2b7a53999e0e21acc8e7d4f9d977def8dcb7227d8607a11766c0fb7e132fdb,1.0,0.3823184567856193,0,0.82,1.6,0.7877610506599658,1.7239010444208311,1,0.2112242470055311,0,0.01,0.1280266326321286,1.82,0.92,1.7876352422779775,1.0218972303520557,1,0.5534126665657075,0,0.01,0.1069136244630452
42,2.31,6.0,4b2b7a53999e0e21acc8e7d4f9d977def8dcb7227d8607a11766c0fb7e132fdb,1.0,0.1235465722121665,0,0.82,1.6,0.7923612434060863,1.7223353321704686,1,0.0971868883181149,0,0.01,0.1254186364274324,1.82,0.92,1.7933545669163364,1.0267417158490426,1,0.1499062561062181,0,0.01,0.1100171486933457
43,2.365,6.0,4b2b7a53999e0e21acc8e7d4f9d977def8dcb7227d8607a11766c0fb7e132fdb,1.0,0.3569938398735492,0,0.82,1.6,0.7984987961966089,1.7387924577212162,1,0.3512870823981542,0,0.01,0.1404480262776608,1.82,0.92,1.808549474834231,1.0168425198382594,1,0.3627005973489442,0,0.01,0.0975171173445747
44,2.42,6.0,4b2b7a53999e0e21acc8e7d4f9d977def8dcb7227d8607a11766c0fb7e132fdb,1.0,0.1733761100884499,0,0.82,1.6,0.7889548869523031,1.7355381174397408,1,0.2016699623951755,0,0.01,0.1390481223291175,1.82,0.92,1.815776564214336,1.0162169537749344,1,0.1450822577817242,0,0.01,0.096309602862661
45,2.475,6.0,4b2b7a53999e0e21acc8e7d4f9d977def8dcb7227d8607a11766c0fb7e132fdb,1.0,0.241749635549525,0,0.82,1.6,0.7984630773566557,1.7280960905647482,1,0.2414866031675752,0,0.01,0.1298939854455068,1.82,0.92,1.8274068482281065,1.0128760224141744,1,0.2420126679314748,0,0.01,0.0931709017888762
46,2.53,6.0,4b2b7a53999e0e21acc8e7d4f9d977def8dcb7227d8607a11766c0fb7e132fdb,1.0,0.2466020584013845,0,0.82,1.6,0.7961645436289204,1.74090850281183,1,0.2603391364253246,0,0.01,0.1429102345708282,1.82,0.92,1.8181153076921623,1.005859433343666,1,0.2328649803774443,0,0.01,0.0858801162038723
47,2.585,6.0,4b2b7a53999e0e21acc8e7d4f9d977def8dcb7227d8607a11766c0fb7e132fdb,1.0,0.2215553613772007,0,0.82,1.6,0.7917077924376151,1.7267670324957736,1,0.2965426201281079,0,0.01,0.1298858327014057,1.82,0.92,1.8159073850627263,0.9988715438603452,1,0.1465681026262936,0,0.01,0.0789776546115364
48,2.64,6.0,4b2b7a53999e0e21acc8e7d4f9d977def8dcb7227d8607a11766c0fb7e132fdb,0.5,0.115239315834478,0,0.82,1.6,0.7821466458468394,1.7203338781365434,1,0.2304786316689561,0,0.01,0.1261472102268815,1.82,0.92,1.8159073850627263,0.9988715438603452,0,0.0,0,0.01,0.0789776546115364
49,2.695,6.0,4b2b7a53999e0e21acc8e7d4f9d977def8dcb7227d8607a11766c0fb7e132fdb,0.5,0.2103436229872223,0,0.82,1.6,0.8031806455899756,1.7204573776088172,1,0.4206872459744447,0,0.01,0.1216259450247485,1.82,0.92,1.8159073850627263,0.9988715438603452,0,0.0,0,0.01,0.0789776546115364
50,2.75,6.0,4b2b7a53999e0e21acc8e7d4f9d977def8dcb7227d8607a11766c0fb7e132fdb,1.0,0.3642324360553337,0,0.82,1.6,0.808570624922667,1.7124620873423346,1,0.1928486905863262,0,0.01,0.1130413716479645,1.82,0.92,1.842683789733,0.998385861134136,1,0.5356161815243412,0,0.01,0.0816020682482436
51,2.805,6.0,4b2b7a53999e0e21acc8e7d4f9d977def8dcb7227d8607a11766c0fb7e132fdb,1.0,0.359448566476235,0,0.82,1.6,0.7983032538730066,1.727773763011814,1,0.3687092730478737,0,0.01,0.1296027905050596,1.82,0.92,1.82922074835542,0.9871909801643828,1,0.3501878599045963,0,0.01,0.067820719663569
52,2.86,6.0,4b2b7a53999e0e21acc8e7d4f9d977def8dcb7227d8607a11766c0fb7e132fdb,1.0,0.3816492578968685,0,0.82,1.6,0.8061877197543287,1.7295644292719936,1,0.1617050251403186,0,0.01,0.1302985817964354,1.82,0.92,1.838092128516,1.0159326821675323,1,0.6015934906534185,0,0.01,0.097623791270859
53,2.915,6.0,4b2b7a53999e0e21acc8e7d4f9d977def8dcb7227d8607a11766c0fb7e132fdb,1.0,0.54320647791943,0,0.82,1.6,0.8183399190641822,1.7396333862630664,1,0.3156325984143457,0,0.01,0.1396432541442806,1.82,0.92,1.8185956775369987,0.9826889715187188,1,0.7707803574245142,0,0.01,0.0627046989599249
54,2.97,6.0,4b2b7a53999e0e21acc8e7d4f9d977def8dcb7227d8607a11766c0fb7e132fdb,1.0,0.454495674085448,0,0.82,1.6,0.8323481771883119,1.7277290785063446,1,0.367664977303518,0,0.01,0.1283245688711007,1.82,0.92,1.835788721462064,1.0035931538773255,1,0.541326370867378,0,0.01,0.0850711414086166
55,3.025,6.0,4b2b7a53999e0e21acc8e7d4f9d977def8dcb7227d8607a11766c0fb7e132fdb,1.0,0.6178670471841285,1,0.82,1.6,0.5377790791175939,1.469944138078515,1,1.0,1,0.01,0.3107461591135982,1.82,0.92,1.826374894896938,0.996500462038483,1,0.2357340943682569,0,0.01,0.0767656171540903
56,3.08,6.0,4b2b7a53999e0e21acc8e7d4f9d977def8dcb7227d8607a11766c0fb7e132fdb,1.0,0.3823733771664442,1,0.82,1.6,0.5489713680516802,1.48829253841292,1,0.4298516611184206,1,0.01,0.2931468511002749,1.82,0.92,1.8108929317096965,1.002879774267612,1,0.3348950932144677,0,0.01,0.0833786284097702
57,3.135,6.0,4b2b7a53999e0e21acc8e7d4f9d977def8dcb7227d8607a11766c0fb7e132fdb,1.0,0.5971457674341877,1,0.82,1.6,0.5797799087478078,1.4920353420818755,1,0.6207011387549719,1,0.01,0.2633667777085583,1.82,0.92,1.8385151453280169,0.9951643241117418,1,0.5735903961134035,0,0.01,0.0774111505255705
58,3.19,6.0,4b2b7a53999e0e21acc8e7d4f9d977def8dcb7227d8607a11766c0fb7e132fdb,1.0,0.4512946546727239,1,0.82,1.6,0.5783429609422381,1.5060881202286192,1,0.2825210736476327,1,0.01,0.2592635062795358,1.82,0.92,1.809563938811468,0.984072021215606,1,0.6200682356978152,0,0.01,0.0649163714003165
59,3.245,6.0,4b2b7a53999e0e21acc8e7d4f9d977def8dcb7227d8607a11766c0fb7e132fdb,0.5,0.2600000064327724,1,0.82,1.6,0.6043026642611604,1.5075351299189643,1,0.5200000128655449,1,0.01,0.2346808318630571,1.82,0.92,1.809563938811468,0.984072021215606,0,0.0,0,0.01,0.0649163714003165
60,3.3,6.0,4b2b7a53999e0e21acc8e7d4f9d977def8dcb7227d8607a11766c0fb7e132fdb,0.5,0.4286791917974695,1,0.82,1.6,0.6347356005076196,1.537726103507444,1,0.8573583835949391,1,0.01,0.1954505970920476,1.82,0.92,1.809563938811468,0.984072021215606,0,0.0,0,0.01,0.0649163714003165
61,3.355,6.0,4b2b7a53999e0e21acc8e7d4f9d977def8dcb7227d8607a11766c0fb7e132fdb,0.5,0.2065275117752784,1,0.82,1.6,0.6553882933330635,1.5376770091214569,1,0.4130550235505568,1,0.01,0.1760146845119706,1.82,0.92,1.809563938811468,0.984072021215606,0,0.0,0,0.01,0.0649163714003165
62,3.41,6.0,4b2b7a53999e0e21acc8e7d4f9d977def8dcb7227d8607a11766c0fb7e132fdb,0.5,0.0332267836556645,1,0.82,1.6,0.6532297122486189,1.535151000565873,1,0.0664535673113291,1,0.01,0.1789349647337988,1.82,0.92,1.809563938811468,0.984072021215606,0,0.0,0,0.01,0.0649163714003165
63,3.465,6.0,4b2b7a53999e0e21acc8e7d4f9d977def8dcb7227d8607a11766c0fb7e132fdb,1.0,0.4412768868090609,1,0.82,1.6,0.6806578272888956,1.5576427033494875,1,0.7094161511465918,1,0.01,0.1456378442417723,1.82,0.92,1.8067868980166413,0.975872653239255,1,0.17313762247153,0,0.01,0.0574137565746803
64,3.52,6.0,4b2b7a53999e0e21acc8e7d4f9d977def8dcb7227d8607a11766c0fb7e132fdb,1.0,0.2543611254947872,1,0.82,1.6,0.6694310499915426,1.5467956366229407,1,0.3122174787256625,1,0.01,0.1596925577132745,1.82,0.92,1.8106587110081829,0.9668424606629716,1,0.1965047722639119,0,0.01,0.0477647966706724
65,3.575,6.0,4b2b7a53999e0e21acc8e7d4f9d977def8dcb7227d8607a11766c0fb7e132fdb,1.0,0.1525136731660956,1,0.82,1.6,0.6630218670741047,1.5449191912220364,1,0.1335644758335875,1,0.01,0.1663611424357702,1.82,0.92,1.815650570304887,0.9598725158525044,1,0.1714628704986037,0,0.01,0.0401090396180329
66,3.63,6.0,4b2b7a53999e0e21acc8e7d4f9d977def8dcb7227d8607a11766c0fb7e132fdb,1.0,0.8690129261902707,1,0.82,1.6,0.6988874022912455,1.5362376717384956,1,0.7380258523805414,1,0.01,0.1368718226264648,1.82,0.92,1.7609935873515603,0.9533803894650408,1,1.0,0,0.01,0.0677938576456286
67,3.685,6.0,4b2b7a53999e0e21acc8e7d4f9d977def8dcb7227d8607a11766c0fb7e132fdb,0.5,0.1430914762064408,1,0.82,1.6,0.6875607554183288,1.5449817426580177,1,0.2861829524128817,1,0.01,0.14341255923493,1.82,0.92,1.7609935873515603,0.9533803894650408,0,0.0,0,0.01,0.0677938576456286
68,3.74,6.0,4b2b7a53999e0e21acc8e7d4f9d977def8dcb7227d8607a11766c0fb7e132fdb,0.5,0.1888189614680215,1,0.82,1.6,0.7037939173255984,1.55462593555276,1,0.377637922936043,1,0.01,0.1247503882759174,1.82,0.92,1.7609935873515603,0.9533803894650408,0,0.0,0,0.01,0.0677938576456286
69,3.795,6.0,4b2b7a53999e0e21acc8e7d4f9d977def8dcb7227d8607a11766c0fb7e132fdb,0.5,0.0663698814222462,1,0.82,1.6,0.7029897490454573,1.5612140251830886,1,0.1327397628444925,1,0.01,0.1232710455498092,1.82,0.92,1.7609935873515603,0.9533803894650408,0,0.0,0,0.01,0.0677938576456286
70,3.85,6.0,4b2b7a53999e0e21acc8e7d4f9d977def8dcb7227d8607a11766c0fb7e132fdb,0.5,0.2991580861923514,1,0.82,1.6,0.6758191813721284,1.5737326456203315,1,0.5983161723847028,1,0.01,0.1465540254183087,1.82,0.92,1.7609935873515603,0.9533803894650408,0,0.0,0,0.01,0.0677938576456286
71,3.905,6.0,4b2b7a53999e0e21acc8e7d4f9d977def8dcb7227d8607a11766c0fb7e132fdb,1.0,0.4180304862749828,1,0.82,1.6,0.6914844153083145,1.5877450927305643,1,0.4203561481850873,1,0.01,0.1290985602585414,1.82,0.92,1.7494348823861785,0.9361054772503916,1,0.4157048243648782,0,0.01,0.0723797086296662
72,3.96,6.0,4b2b7a53999e0e21acc8e7d4f9d977def8dcb7227d8607a11766c0fb7e132fdb,1.0,0.3049091004416187,1,0.82,1.6,0.7042868432763453,1.568884922530822,1,0.4558983140306001,1,0.01,0.1198235481233385,1.82,0.92,1.7517959102685212,0.9434303578815432,1,0.1539198868526371,0,0.01,0.0721164303509041
73,4.015,6.0,4b2b7a53999e0e21acc8e7d4f9d977def8dcb7227d8607a11766c0fb7e132fdb,0.5,0.1651357378063538,1,0.82,1.6,0.7042868432763453,1.568884922530822,0,0.0,1,0.01,0.1198235481233385,1.82,0.92,1.7682997482015796,0.9439973256829484,1,0.3302714756127076,0,0.01,0.0569981374779348
74,4.07,6.0,4b2b7a53999e0e21acc8e7d4f9d977def8dcb7227d8607a11766c0fb7e132fdb,0.5,0.0794424669787861,1,0.82,1.6,0.7042868432763453,1.568884922530822,0,0.0,1,0.01,0.1198235481233385,1.82,0.92,1.7614849628741287,0.9480801870003964,1,0.1588849339575723,0,0.01,0.0649038247857499
75,4.125,6.0,4b2b7a53999e0e21acc8e7d4f9d977def8dcb7227d8607a11766c0fb7e132fdb,0.5,0.165221185843765,1,0.82,1.6,0.7042868432763453,1.568884922530822,0,0.0,1,0.01,0.1198235481233385,1.82,0.92,1.756266027694305,0.932403991093704,1,0.33044237168753,0,0.01,0.0649297945547019
76,4.18,6.0,4b2b7a53999e0e21acc8e7d4f9d977def8dcb7227d8607a11766c0fb7e132fdb,1.0,0.5924027491883372,1,0.82,1.6,0.4916073954421245,1.503721997973573,1,1.0,1,0.01,0.3422150733128303,1.82,0.92,1.7472841587950128,0.9345739476950108,1,0.1848054983766743,0,0.01,0.0741619411394135
77,4.235,6.0,4b2b7a53999e0e21acc8e7d4f9d977def8dcb7227d8607a11766c0fb7e132fdb,1.0,0.4068267101565022,1,0.82,1.6,0.5035083558929735,1.4873847661137916,1,0.4042464617002491,1,0.01,0.3359302780233037,1.82,0.92,1.7290405369429869,0.9252892610486212,1,0.4094069586127552,0,0.01,0.0911131176179402
78,4.29,6.0,4b2b7a53999e0e21acc8e7d4f9d977def8dcb7227d8607a11766c0fb7e132fdb,1.0,0.5344890289436438,1,0.82,1.6,0.5158692348671684,1.4948476939164352,1,0.2887813154635638,1,0.01,0.32179578893294,1.82,0.92,1.7382710642628545,0.9631913026508706,1,0.7801967424237238,0,0.01,0.0924397509808716
79,4.345,6.0,4b2b7a53999e0e21acc8e7d4f9d977def8dcb7227d8607a11766c0fb7e132fdb,1.0,0.3132036306720473,1,0.82,1.6,0.5334022224692072,1.504161196377659,1,0.3970627065582813,1,0.01,0.3021975551941998,1.82,0.92,1.7411020622519997,0.9520790228483182,1,0.2293445547858133,0,0.01,0.0851701138181126
80,4.4,6.0,4b2b7a53999e0e21acc8e7d4f9d977def8dcb7227d8607a11766c0fb7e132fdb,1.0,0.2729391341909968,1,0.82,1.6,0.5415504951977406,1.503001270173073,1,0.1646083561167486,1,0.01,0.2948607812386392,1.82,0.92,1.7505604378594144,0.9686306389587146,1,0.3812699122652451,0,0.01,0.084774948161642
81,4.455,6.0,4b2b7a53999e0e21acc8e7d4f9d977def8dcb7227d8607a11766c0fb7e132fdb,1.0,0.2564253761549158,1,0.82,1.6,0.534588637475203,1.5001749600385326,1,0.150273739456316,1,0.01,0.3023651508715408,1.82,0.92,1.732449804358405,0.9678181244563466,1,0.3625770128535155,0,0.01,0.0997577555050445
82,4.51,6.0,4b2b7a53999e0e21acc8e7d4f9d977def8dcb7227d8607a11766c0fb7e132fdb,1.0,0.2584325142712663,1,0.82,1.6,0.5566874535858406,1.5123357660584371,1,0.5044771061388301,1,0.01,0.2775220982402481,1.82,0.92,1.7326859621541162,0.9672455154717636,1,0.0123879224037025,0,0.01,0.0992767844823002
83,4.565,6.0,4b2b7a53999e0e21acc8e7d4f9d977def8dcb7227d8607a11766c0fb7e132fdb,1.0,0.3790856884736401,1,0.82,1.6,0.5852191123902606,1.5069567886583486,1,0.5806854404933879,1,0.01,0.252545252110556,1.82,0.92,1.739765074070069,0.972597087070715,1,0.1774859364538923,0,0.01,0.0959379846948324
84,4.62,6.0,4b2b7a53999e0e21acc8e7d4f9d977def8dcb7227d8607a11766c0fb7e132fdb,1.0,0.1975288700070557,1,0.82,1.6,0.5825702033169613,1.525222578595678,1,0.3691372651539022,1,0.01,0.2489268388599924,1.82,0.92,1.7384691765437854,0.9726151741882022,1,0.0259204748602092,0,0.01,0.0970341781451427
85,4.675,6.0,4b2b7a53999e0e21acc8e7d4f9d977def8dcb7227d8607a11766c0fb7e132fdb,0.5,0.2844130911494356,1,0.82,1.6,0.5825702033169613,1.525222578595678,0,0.0,1,0.01,0.2489268388599924,1.82,0.92,1.7181065874516674,0.9924714837556252,1,0.5688261822988713,0,0.01,0.1250375282804588
86,4.73,6.0,4b2b7a53999e0e21acc8e7d4f9d977def8dcb7227d8607a11766c0fb7e132fdb,0.5,0.1028083444270503,1,0.82,1.6,0.5825702033169613,1.525222578595678,0,0.0,1,0.01,0.2489268388599924,1.82,0.92,1.7140900745026926,0.9830077011836812,1,0.2056166888541006,0,0.01,0.1232350710118564
87,4.785,6.0,4b2b7a53999e0e21acc8e7d4f9d977def8dcb7227d8607a11766c0fb7e132fdb,0.5,0.0855346750286745,1,0.82,1.6,0.5825702033169613,1.525222578595678,0,0.0,1,0.01,0.2489268388599924,1.82,0.92,1.7058076185865907,0.985143756033267,1,0.171069350057349,0,0.01,0.1314671400882645
88,4.84,6.0,4b2b7a53999e0e21acc8e7d4f9d977def8dcb7227d8607a11766c0fb7e132fdb,1.0,0.3844081615001493,1,0.82,1.6,0.5831872439411597,1.5388899770745286,1,0.2736264024626241,1,0.01,0.2445704731445221,1.82,0.92,1.6810588682705354,0.985873140224777,1,0.4951899205376745,0,0.01,0.1537657591576797
89,4.8950000000000005,6.0,4b2b7a53999e0e21acc8e7d4f9d977def8dcb7227d8607a11766c0fb7e132fdb,1.0,0.3057480923623935,1,0.82,1.6,0.591343965580339,1.5384742627019,1,0.1633461678015921,1,0.01,0.2367889322299503,1.82,0.92,1.6981218240115683,1.0003973144026848,1,0.4481500169231948,0,0.01,0.1460069106084752
90,4.95,6.0,4b2b7a53999e0e21acc8e7d4f9d977def8dcb7227d8607a11766c0fb7e132fdb,1.0,0.1740863313731369,1,0.82,1.6,0.588557782598433,1.5429286611021658,1,0.1050799328453365,1,0.01,0.238374993905287,1.82,0.92,1.6908427878688954,0.9906633110556344,1,0.2430927299009372,0,0.01,0.1472239415816072
91,5.005,6.0,4b2b7a53999e0e21acc8e7d4f9d977def8dcb7227d8607a11766c0fb7e132fdb,1.0,0.3334978522596619,1,0.82,1.6,0.6146526510316291,1.55144712453366,1,0.549001412668317,1,0.01,0.2110092781002479,1.82,0.92,1.692660439351487,0.9962760443791928,1,0.1179942918510068,0,0.01,0.1484365138781322
92,5.06,6.0,4b2b7a53999e0e21acc8e7d4f9d977def8dcb7227d8607a11766c0fb7e132fdb,1.0,0.2406075465858226,1,0.82,1.6,0.6060782828391874,1.561512889938259,1,0.2644537185066479,1,0.01,0.2173562943968617,1.82,0.92,1.7021747803686829,0.9910855676308438,1,0.2167613746649973,0,0.01,0.13760792239754
93,5.115,6.0,4b2b7a53999e0e21acc8e7d4f9d977def8dcb7227d8607a11766c0fb7e132fdb,1.0,0.2820385133747351,1,0.82,1.6,0.6155541462920002,1.5627216452399333,1,0.1910529534507944,1,0.01,0.2078167048916189,1.82,0.92,1.685660287145783,0.9824172972300292,1,0.3730240732986759,0,0.01,0.1481319595605731
94,5.17,6.0,4b2b7a53999e0e21acc8e7d4f9d977def8dcb7227d8607a11766c0fb7e132fdb,1.0,0.63480603724547,0,0.82,1.6,0.6823228776214472,1.6463484406330398,1,1.0,0,0.01,0.1452692946756244,1.82,0.92,1.698978342158415,0.984504421437828,1,0.26961207449094,0,0.01,0.1371388422430151
95,5.225,6.0,4b2b7a53999e0e21acc8e7d4f9d977def8dcb7227d8607a11766c0fb7e132fdb,1.0,0.4494551965605172,0,0.82,1.6,0.7049257131875108,1.6404644028522088,1,0.4671231427504995,0,0.01,0.1219813894968771,1.82,0.92,1.7055578103089022,1.0050667941806095,1,0.4317872503705349,0,0.01,0.1425951410583805
96,5.28,6.0,4b2b7a53999e0e21acc8e7d4f9d977def8dcb7227d8607a11766c0fb7e132fdb,1.0,0.3915605477576986,0,0.82,1.6,0.7132225020204942,1.6558363383892571,1,0.3493611925181648,0,0.01,0.1204953557589792,1.82,0.92,1.691148034589246,1.021275665126164,1,0.4337599029972325,0,0.01,0.1638889542860074
97,5.335,6.0,4b2b7a53999e0e21acc8e7d4f9d977def8dcb7227d8607a11766c0fb7e132fdb,1.0,0.3988253320721936,0,0.82,1.6,0.7298618580621106,1.6455909463600809,1,0.3908126033337125,0,0.01,0.1010119746466865,1.82,0.92,1.7089656732140182,1.011461146638357,1,0.4068380608106747,0,0.01,0.1438532692336856
98,5.39,6.0,4b2b7a53999e0e21acc8e7d4f9d977def8dcb7227d8607a11766c0fb7e132fdb,1.0,0.0746749424335924,0,0.82,1.6,0.7241953365492068,1.6470811900303144,1,0.1171841153960259,0,0.01,0.1067481709144953,1.82,0.92,1.709677782705217,1.0129031909811994,1,0.032165769471159,0,0.01,0.1442289656183061
99,5.445,6.0,4b2b7a53999e0e21acc8e7d4f9d977def8dcb7227d8607a11766c0fb7e132fdb,1.0,0.1317215684671238,0,0.82,1.6,0.72558782672686,1.6482976157842797,1,0.0369795646798102,0,0.01,0.1060486593625931,1.82,0.92,1.716956370757413,1.004229291635344,1,0.2264635722544374,0,0.01,0.1330885535907411
100,5.5,6.0,4b2b7a53999e0e21acc8e7d4f9d977def8dcb7227d8607a11766c0fb7e132fdb,1.0,0.1112169197272457,0,0.82,1.6,0.7272294025094339,1.6544528896589603,1,0.1274082689973642,0,0.01,0.1075709112677193,1.82,0.92,1.7211549339162184,1.0064534128108371,1,0.0950255704571273,0,0.01,0.1313184666212188
101,5.555,6.0,4b2b7a53999e0e21acc8e7d4f9d977def8dcb7227d8607a11766c0fb7e132fdb,1.0,0.373525732502971,0,0.82,1.6,0.7190685966997541,1.642962781400569,1,0.2818661662937659,0,0.01,0.1096947982259411,1.82,0.92,1.7396966554006486,0.9924106933541698,1,0.465185298712176,0,0.01,0.1081292544405712
102,5.61,6.0,4b2b7a53999e0e21acc8e7d4f9d977def8dcb7227d8607a11766c0fb7e132fdb,1.0,0.1717008637238154,0,0.82,1.6,0.7168384241191389,1.6428627594948528,1,0.0446482883029167,0,0.01,0.1117118028219768,1.82,0.92,1.7407098717543892,1.0073139626640393,1,0.2987534391447141,0,0.01,0.1179434292926174
103,5.665,6.0,4b2b7a53999e0e21acc8e7d4f9d977def8dcb7227d8607a11766c0fb7e132fdb,1.0,0.1715520201827972,0,0.82,1.6,0.7206078776501094,1.640045548096392,1,0.0941179259987452,0,0.01,0.1071561473157562,1.82,0.92,1.7306455209012288,1.014641585387218,1,0.2489861143668491,0,0.01,0.1301585672156036
104,5.72,6.0,4b2b7a53999e0e21acc8e7d4f9d977def8dcb7227d8607a11766c0fb7e132fdb,1.0,0.4352268824061648,0,0.82,1.6,0.7335578362189227,1.6219833235192582,1,0.4444976416624941,0,0.01,0.0891936891943984,1.82,0.92,1.7193170247121148,1.032676599144222,1,0.4259561231498355,0,0.01,0.1511061795808781
105,5.775,6.0,4b2b7a53999e0e21acc8e7d4f9d977def8dcb7227d8607a11766c0fb7e132fdb,0.5,0.1566584926577373,0,0.82,1.6,0.7335578362189227,1.6219833235192582,0,0.0,0,0.01,0.0891936891943984,1.82,0.92,1.729210719317522,1.0205302564735708,1,0.3133169853154747,0,0.01,0.1354585765224325
106,5.83,6.0,4b2b7a53999e0e21acc8e7d4f9d977def8dcb7227d8607a11766c0fb7e132fdb,0.5,0.1144367597493865,0,0.82,1.6,0.7335578362189227,1.6219833235192582,0,0.0,0,0.01,0.0891936891943984,1.82,0.92,1.738234899507679,1.0275674357177682,1,0.2288735194987731,0,0.01,0.1351158202632672
107,5.885,6.0,4b2b7a53999e0e21acc8e7d4f9d977def8dcb7227d8607a11766c0fb7e132fdb,1.0,0.5046041494231097,0,0.82,1.6,0.7572906985742235,1.6324335890499004,1,0.5186354423818653,0,0.01,0.0706002420956664,1.82,0.92,1.7470801541368153,1.0046891536735514,1,0.4905728564643541,0,0.01,0.1117566851273471
108,5.94,6.0,4b2b7a53999e0e21acc8e7d4f9d977def8dcb7227d8607a11766c0fb7e132fdb,1.0,0.364963232775691,0,0.82,1.6,0.756870026048381,1.6205516988000983,1,0.2377866954077425,0,0.01,0.0663910079355785,1.82,0.92,1.767793608437898,1.017972853997992,1,0.4921397701436396,0,0.01,0.1110143569113804
109,5.995,6.0,4b2b7a53999e0e21acc8e7d4f9d977def8dcb7227d8607a11766c0fb7e132fdb,1.0,0.4263162282895137,0,0.82,1.6,0.7458708433539838,1.6467065090148003,1,0.5674702167732847,0,0.01,0.0876163788877354,1.82,0.92,1.7744612183866524,1.0305758986737377,1,0.2851622398057428,0,0.01,0.1195859941562257
110,6.05,6.0,4b2b7a53999e0e21acc8e7d4f9d977def8dcb7227d8607a11766c0fb7e132fdb,1.0,0.1720411543777409,0,0.82,1.6,0.736776222377912,1.6398443026310117,1,0.2278613676357758,0,0.01,0.0922700688947525,1.82,0.92,1.7798166263465405,1.028320267172352,1,0.116220941119706,0,0.01,0.1155334747961095
111,6.105,6.0,4b2b7a53999e0e21acc8e7d4f9d977def8dcb7227d8607a11766c0fb7e132fdb,1.0,0.5025244581908205,0,0.82,1.6,0.7509616826109269,1.662231467601048,1,0.5300612935946465,0,0.01,0.0929464621580331,1.82,0.92,1.794459950891882,1.047018025079703,1,0.4749876227869944,0,0.01,0.129560305663398
112,6.16,6.0,4b2b7a53999e0e21acc8e7d4f9d977def8dcb7227d8607a11766c0fb7e132fdb,0.5,0.1342029148563356,0,0.82,1.6,0.741347436867005,1.6528682148363916,1,0.2684058297126712,0,0.01,0.0947695828173607,1.82,0.92,1.794459950891882,1.047018025079703,0,0.0,0,0.01,0.129560305663398
113,6.215,6.0,4b2b7a53999e0e21acc8e7d4f9d977def8dcb7227d8607a11766c0fb7e132fdb,0.5,0.181143708777003,0,0.82,1.6,0.7234369181615172,1.6555781506281124,1,0.3622874175540061,0,0.01,0.1114152574892086,1.82,0.92,1.794459950891882,1.047018025079703,0,0.0,0,0.01,0.129560305663398
114,6.2700000000000005,6.0,4b2b7a53999e0e21acc8e7d4f9d977def8dcb7227d8607a11766c0fb7e132fdb,0.5,0.1177247953852489,0,0.82,1.6,0.7330803325434906,1.6623306193279686,1,0.2354495907704979,0,0.01,0.1069585653258227,1.82,0.92,1.794459950891882,1.047018025079703,0,0.0,0,0.01,0.129560305663398
115,6.325,6.0,4b2b7a53999e0e21acc8e7d4f9d977def8dcb7227d8607a11766c0fb7e132fdb,0.5,0.2117728385917155,0,0.82,1.6,0.7330803325434906,1.6623306193279686,0,0.0,0,0.01,0.1069585653258227,1.82,0.92,1.80456991278784,1.0284098004971638,1,0.423545677183431,0,0.01,0.1095023855229178
116,6.38,6.0,4b2b7a53999e0e21acc8e7d4f9d977def8dcb7227d8607a11766c0fb7e132fdb,0.5,0.189551217096603,0,0.82,1.6,0.7330803325434906,1.6623306193279686,0,0.0,0,0.01,0.1069585653258227,1.82,0.92,1.7943744769531402,1.0443894665502629,1,0.379102434193206,0,0.01,0.1270016016437749
117,6.435,6.0,4b2b7a53999e0e21acc8e7d4f9d977def8dcb7227d8607a11766c0fb7e132fdb,1.0,0.8464471672540628,0,0.82,1.6,0.7585602818624215,1.697772949642192,1,0.8730146838164443,0,0.01,0.1154746233878235,1.82,0.92,1.8303385368939773,1.024714787477464,1,0.8198796506916811,0,0.01,0.1052239139243479
118,6.49,6.0,4b2b7a53999e0e21acc8e7d4f9d977def8dcb7227d8607a11766c0fb7e132fdb,1.0,0.1298791143966962,0,0.82,1.6,0.7647191623765446,1.6984008118950364,1,0.1238160251272693,0,0.01,0.112865808772866,1.82,0.92,1.832518727068512,1.0311527590249991,1,0.135942203666123,0,0.01,0.1118555066426566
119,6.545,6.0,4b2b7a53999e0e21acc8e7d4f9d977def8dcb7227d8607a11766c0fb7e132fdb,1.0,0.5655152744055516,0,0.82,1.6,0.7437133794442795,1.6765849684001983,1,0.6056975958310249,0,0.01,0.1080967430622765,1.82,0.92,1.80718412652965,1.0242177179830692,1,0.5253329529800784,0,0.01,0.1050027587942647
120,6.6,6.0,4b2b7a53999e0e21acc8e7d4f9d977def8dcb7227d8607a11766c0fb7e132fdb,1.0,0.460250287040981,0,0.82,1.6,0.7591323200905159,1.6983111280998766,1,0.5328300839660183,0,0.01,0.1156285101773508,1.82,0.92,1.8108988056900872,1.043241970425724,1,0.3876704901159438,0,0.01,0.1235775667841124
121,6.655,6.0,4b2b7a53999e0e21acc8e7d4f9d977def8dcb7227d8607a11766c0fb7e132fdb,1.0,0.4375636149630779,0,0.82,1.6,0.7923281644848872,1.682800597231594,1,0.732813933511436,0,0.01,0.0873021728405662,1.82,0.92,1.80531866204898,1.0388266920895743,1,0.1423132964147199,0,0.01,0.1197302152214826
122,6.71,6.0,4b2b7a53999e0e21acc8e7d4f9d977def8dcb7227d8607a11766c0fb7e132fdb,1.0,0.3842867110807434,0,0.82,1.6,0.7699657893565072,1.6785178390863391,1,0.4553758178529618,0,0.01,0.0931046362406602,1.82,0.92,1.804589224763085,1.0544695744840515,1,0.313197604308525,0,0.01,0.1353497634106709
123,6.765,6.0,4b2b7a53999e0e21acc8e7d4f9d977def8dcb7227d8607a11766c0fb7e132fdb,1.0,0.1641612857612569,0,0.82,1.6,0.7643036827703816,1.6849323138455328,1,0.1711197679158966,0,0.01,0.1015656324161787,1.82,0.92,1.8012685938199249,1.0615938438356256,1,0.1572028036066172,0,0.01,0.1428274560076965
124,6.82,6.0,4b2b7a53999e0e21acc8e7d4f9d977def8dcb7227d8607a11766c0fb7e132fdb,1.0,0.223793409488501,0,0.82,1.6,0.7657815677292955,1.6856785028687695,1,0.0331115811170848,0,0.01,0.1013925256206133,1.82,0.92,1.815964634056968,1.0469821804002464,1,0.4144752378599172,0,0.01,0.1270462841546139
125,6.875,6.0,4b2b7a53999e0e21acc8e7d4f9d977def8dcb7227d8607a11766c0fb7e132fdb,1.0,0.445754073210489,0,0.82,1.6,0.7828830464592121,1.7053944381519286,1,0.521987999417419,0,0.01,0.1117392313984201,1.82,0.92,1.8150571104550413,1.0654358859499666,1,0.369520147003559,0,0.01,0.1455198580232449
126,6.93,6.0,4b2b7a53999e0e21acc8e7d4f9d977def8dcb7227d8607a11766c0fb7e132fdb,1.0,0.2587489079059227,0,0.82,1.6,0.7773176153540962,1.7052514975860382,1,0.1113453283998382,0,0.01,0.1135766864420893,1.82,0.92,1.813401900251134,1.0451958294589812,1,0.4061524874120072,0,0.01,0.1253695761906303
127,6.985,6.0,4b2b7a53999e0e21acc8e7d4f9d977def8dcb7227d8607a11766c0fb7e132fdb,1.0,0.4177053006046208,0,0.82,1.6,0.7920065427877186,1.6996783064505532,1,0.314213334270127,0,0.01,0.1035345276878501,1.82,0.92,1.7992713489445575,1.0232996197999051,1,0.5211972669391147,0,0.01,0.1053588554673181
128,7.04,6.0,4b2b7a53999e0e21acc8e7d4f9d977def8dcb7227d8607a11766c0fb7e132fdb,1.0,0.4364870240371836,0,0.82,1.6,0.78885811315789,1.7150375201511128,1,0.3135717172408509,0,0.01,0.1191782201520245,1.82,0.92,1.7961338855305038,1.0510932115555671,1,0.5594023308335164,0,0.01,0.1332479701001999
129,7.095,6.0,4b2b7a53999e0e21acc8e7d4f9d977def8dcb7227d8607a11766c0fb7e132fdb,0.5,0.2305799670313547,0,0.82,1.6,0.78885811315789,1.7150375201511128,0,0.0,0,0.01,0.1191782201520245,1.82,0.92,1.8009112163809202,1.028535544967299,1,0.4611599340627095,0,0.01,0.1102013891990687
130,7.15,6.0,4b2b7a53999e0e21acc8e7d4f9d977def8dcb7227d8607a11766c0fb7e132fdb,0.5,0.0840191180073447,0,0.82,1.6,0.78885811315789,1.7150375201511128,0,0.0,0,0.01,0.1191782201520245,1.82,0.92,1.8090764776988613,1.0305156029253035,1,0.1680382360146894,0,0.01,0.1110541391817829
131,7.205,6.0,4b2b7a53999e0e21acc8e7d4f9d977def8dcb7227d8607a11766c0fb7e132fdb,0.0,0.0,0,0.82,1.6,0.78885811315789,1.7150375201511128,0,0.0,0,0.01,0.1191782201520245,1.82,0.92,1.8090764776988613,1.0305156029253035,0,0.0,0,0.01,0.1110541391817829
132,7.26,6.0,4b2b7a53999e0e21acc8e7d4f9d977def8dcb7227d8607a11766c0fb7e132fdb,0.5,0.2041733668663682,0,0.82,1.6,0.8089105728312243,1.7111947999655164,1,0.4083467337327365,0,0.01,0.1117464045699134,1.82,0.92,1.8090764776988613,1.0305156029253035,0,0.0,0,0.01,0.1110541391817829
133,7.315,6.0,4b2b7a53999e0e21acc8e7d4f9d977def8dcb7227d8607a11766c0fb7e132fdb,1.0,0.6712617180063262,1,0.82,1.6,0.8236066945203336,1.7199885345443895,1,0.3425234360126523,0,0.01,0.1200427285072827,1.82,0.92,1.8127351502808,1.328252097940586,1,1.0,1,0.01,0.40831673185694
134,7.37,6.0,4b2b7a53999e0e21acc8e7d4f9d977def8dcb7227d8607a11766c0fb7e132fdb,1.0,0.410053389928152,1,0.82,1.6,0.8381526173798298,1.7115182525004715,1,0.3366479168139537,0,0.01,0.1129860086846924,1.82,0.92,1.8070507612687023,1.304757015429672,1,0.4834588630423503,1,0.01,0.3849748611352031
135,7.425,6.0,4b2b7a53999e0e21acc8e7d4f9d977def8dcb7227d8607a11766c0fb7e132fdb,1.0,0.3120801937657124,1,0.82,1.6,0.828054031783107,1.722767516361703,1,0.3023424339876551,0,0.01,0.1230314207899117,1.82,0.92,1.792451143330907,1.2979917996808472,1,0.3218179535437697,1,0.01,0.3789943800767235
136,7.48,6.0,4b2b7a53999e0e21acc8e7d4f9d977def8dcb7227d8607a11766c0fb7e132fdb,1.0,0.3468664269332493,1,0.82,1.6,0.8311501923259776,1.7278302344885594,1,0.1186883733804262,0,0.01,0.1283156094881147,1.82,0.92,1.8149868637549424,1.2801359409416695,1,0.5750444804860725,1,0.01,0.3601708309857328
137,7.535,6.0,4b2b7a53999e0e21acc8e7d4f9d977def8dcb7227d8607a11766c0fb7e132fdb,1.0,0.1384640326361301,1,0.82,1.6,0.8418667459540194,1.7337099710927355,1,0.2444715314282493,0,0.01,0.1354862020585039,1.82,0.92,1.816608611729429,1.280076780311471,1,0.0324565338440108,1,0.01,0.3600927508766
138,7.59,6.0,4b2b7a53999e0e21acc8e7d4f9d977def8dcb7227d8607a11766c0fb7e132fdb,1.0,0.3495557703740365,1,0.82,1.6,0.8397511148336375,1.7448391516273771,1,0.2265696841240499,0,0.01,0.1461796373689233,1.82,0.92,1.7946153238918134,1.271443426053364,1,0.472541856624023,1,0.01,0.3523589980364399
139,7.645,6.0,4b2b7a53999e0e21acc8e7d4f9d977def8dcb7227d8607a11766c0fb7e132fdb,1.0,0.4564454419356976,1,0.82,1.6,0.8453956866941628,1.7223824153078016,1,0.4631052569840198,0,0.01,0.1249895854831084,1.82,0.92,1.8106389017066744,1.2556632888740724,1,0.4497856268873753,1,0.01,0.3357937963378958
140,7.7,6.0,4b2b7a53999e0e21acc8e7d4f9d977def8dcb7227d8607a11766c0fb7e132fdb,1.0,0.2161855571305869,1,0.82,1.6,0.8433781246411378,1.732718691779925,1,0.2106268434421224,0,0.01,0.1347619674073932,1.82,0.92,1.8003572327752455,1.2515143627374472,1,0.2217442708190514,1,0.01,0.3320957858893448
141,7.755,6.0,4b2b7a53999e0e21acc8e7d4f9d977def8dcb7227d8607a11766c0fb7e132fdb,1.0,0.2179729929458037,1,0.82,1.6,0.8499476158936479,1.7224459386814537,1,0.2438751086428992,0,0.01,0.1260550181361127,1.82,0.92,1.79642797971443,1.2427514280063316,1,0.1920708772487082,1,0.01,0.3236110696816003
142,7.81,6.0,4b2b7a53999e0e21acc8e7d4f9d977def8dcb7227d8607a11766c0fb7e132fdb,1.0,0.2975010363362647,1,0.82,1.6,0.849641491005579,1.7133352940663404,1,0.1823157236773427,0,0.01,0.1171473724423115,1.82,0.92,1.7808280954694784,1.2292451824820732,1,0.4126863489951867,1,0.01,0.3117162507680968
143,7.865,6.0,4b2b7a53999e0e21acc8e7d4f9d977def8dcb7227d8607a11766c0fb7e132fdb,1.0,0.0679641496480296,1,0.82,1.6,0.8503603903550585,1.716955459311012,1,0.0738171055336343,0,0.01,0.1208318367201346,1.82,0.92,1.777738103444961,1.2295557469116254,1,0.0621111937624249,1,0.01,0.3124273169017765
144,7.92,6.0,4b2b7a53999e0e21acc8e7d4f9d977def8dcb7227d8607a11766c0fb7e132fdb,1.0,0.4593829679219703,1,0.82,1.6,0.8415624484578748,1.7350178995775472,1,0.401823608071191,0,0.01,0.136728827939945,1.82,0.92,1.7724973355600109,1.2042455162215695,1,0.5169423277727497,1,0.01,0.2881874678416199
145,7.975,6.0,4b2b7a53999e0e21acc8e7d4f9d977def8dcb7227d8607a11766c0fb7e132fdb,1.0,0.1262019898775722,1,0.82,1.6,0.8314918363143805,1.7363359642639784,1,0.2031300307313628,0,0.01,0.1368194337572893,1.82,0.92,1.773258883702434,1.2019024734226076,1,0.0492739490237816,1,0.01,0.2857511793055744
146,8.03,6.0,4b2b7a53999e0e21acc8e7d4f9d977def8dcb7227d8607a11766c0fb7e132fdb,1.0,0.675633572699252,1,0.82,1.6,0.8382854877911085,1.752532192781871,1,0.351267145398504,0,0.01,0.1536243108970859,1.82,0.92,1.771667269493573,1.438278854531447,1,1.0,1,0.01,0.5205276398930571
147,8.085,6.0,4b2b7a53999e0e21acc8e7d4f9d977def8dcb7227d8607a11766c0fb7e132fdb,1.0,0.4191468629240232,1,0.82,1.6,0.8474622180493055,1.7454808992838595,1,0.231458953792504,0,0.01,0.1480502126868723,1.82,0.92,1.7838796364727552,1.4105033402390883,1,0.6068347720555424,1,0.01,0.4918314827733614
148,8.14,6.0,4b2b7a53999e0e21acc8e7d4f9d977def8dcb7227d8607a11766c0fb7e132fdb,1.0,0.4684594930289856,1,0.82,1.6,0.8489919698653425,1.7569854945757728,1,0.2321170854972778,0,0.01,0.1596401573034582,1.82,0.92,1.773421071232887,1.3768509597778442,1,0.7048019005606935,1,0.01,0.4592193332766263
149,8.195,6.0,4b2b7a53999e0e21acc8e7d4f9d977def8dcb7227d8607a11766c0fb7e132fdb,1.0,0.2402444016032329,1,0.82,1.6,0.8397854566102448,1.7445904242484889,1,0.3088026261122816,0,0.01,0.1459378466253146,1.82,0.92,1.7749777974653675,1.3684089835903543,1,0.1716861770941841,1,0.01,0.4506635277960755
150,8.25,6.0,4b2b7a53999e0e21acc8e7d4f9d977def8dcb7227d8607a11766c0fb7e132fdb,1.0,0.3847333492986994,1,0.82,1.6,0.851730281099792,1.7442252565146097,1,0.2390080999129123,0,0.01,0.1476744234976956,1.82,0.92,1.7828613103853357,1.3430847652147269,1,0.5304585986844866,1,0.01,0.4247116678678547
151,8.305,6.0,4b2b7a53999e0e21acc8e7d4f9d977def8dcb7227d8607a11766c0fb7e132fdb,1.0,0.4865819962386525,1,0.82,1.6,0.8237736495453137,1.7472101140244949,1,0.5623104559679348,0,0.01,0.1472584737867251,1.82,0.92,1.793252643319293,1.3253641057740826,1,0.4108535365093703,1,0.01,0.4062455899322804
152,8.36,6.0,4b2b7a53999e0e21acc8e7d4f9d977def8dcb7227d8607a11766c0fb7e132fdb,1.0,0.445941455979287,1,0.82,1.6,0.8414792866393384,1.7218295786909674,1,0.6189220172919159,0,0.01,0.123708552649174,1.82,0.92,1.7812057860051322,1.3317783363511126,1,0.2729608946666582,1,0.01,0.4136017279068955
153,8.415000000000001,6.0,4b2b7a53999e0e21acc8e7d4f9d977def8dcb7227d8607a11766c0fb7e132fdb,1.0,0.412042863710113,1,0.82,1.6,0.8437484728459955,1.7157978273004226,1,0.1288894578742919,0,0.01,0.1182079809911981,1.82,0.92,1.7837422564283891,1.297111191231152,1,0.6951962695459342,1,0.01,0.3788502006343447
154,8.47,6.0,4b2b7a53999e0e21acc8e7d4f9d977def8dcb7227d8607a11766c0fb7e132fdb,1.0,0.4440889456754519,1,0.82,1.6,0.8290609553284728,1.7346387497483051,1,0.477788040668524,0,0.01,0.1349432986303927,1.82,0.92,1.7666896282775286,1.285698152766035,1,0.4103898506823799,1,0.01,0.3695634379503447
155,8.525,6.0,4b2b7a53999e0e21acc8e7d4f9d977def8dcb7227d8607a11766c0fb7e132fdb,1.0,0.377424034807754,1,0.82,1.6,0.8490694450319092,1.7320073859276912,1,0.403615527832593,0,0.01,0.1351701985421549,1.82,0.92,1.7582869985768392,1.2702771748420734,1,0.3512325417829149,1,0.01,0.3556720311747881
156,8.58,6.0,4b2b7a53999e0e21acc8e7d4f9d977def8dcb7227d8607a11766c0fb7e132fdb,0.5,0.2700608646284776,1,0.82,1.6,0.8490694450319092,1.7320073859276912,0,0.0,0,0.01,0.1351701985421549,1.82,0.92,1.765270154708786,1.2441895487240138,1,0.5401217292569552,1,0.01,0.3287768536066368
157,8.635,6.0,4b2b7a53999e0e21acc8e7d4f9d977def8dcb7227d8607a11766c0fb7e132fdb,0.5,0.2573213455361252,1,0.82,1.6,0.8490694450319092,1.7320073859276912,0,0.0,0,0.01,0.1351701985421549,1.82,0.92,1.7835293161733845,1.2260582009722625,1,0.5146426910722504,1,0.01,0.3082235116942877
158,8.69,6.0,4b2b7a53999e0e21acc8e7d4f9d977def8dcb7227d8607a11766c0fb7e132fdb,0.5,0.0631943492366267,1,0.82,1.6,0.8490694450319092,1.7320073859276912,0,0.0,0,0.01,0.1351701985421549,1.82,0.92,1.7868752347096606,1.2314191791388858,1,0.1263886984732534,1,0.01,0.3131759173548909
159,8.745,6.0,4b2b7a53999e0e21acc8e7d4f9d977def8dcb7227d8607a11766c0fb7e132fdb,1.0,0.6088645626200879,1,0.82,1.6,0.8276655266782582,1.726675708167421,1,0.4411596122172169,0,0.01,0.1269074282261395,1.82,0.92,1.7509108865259468,1.216783053247367,1,0.7765695130229591,1,0.01,0.3047187002720047
160,8.8,6.0,4b2b7a53999e0e21acc8e7d4f9d977def8dcb7227d8607a11766c0fb7e132fdb,1.0,0.3195781681785011,1,0.82,1.6,0.8151462733728262,1.7291019445463025,1,0.2550437815684021,0,0.01,0.1291931528673554,1.82,0.92,1.7547990984934485,1.1979751308591458,1,0.3841125547886002,1,0.01,0.2855194055286369
161,8.855,6.0,4b2b7a53999e0e21acc8e7d4f9d977def8dcb7227d8607a11766c0fb7e132fdb,1.0,0.2876773820330466,1,0.82,1.6,0.8038517424506099,1.7180673849360928,1,0.3158024284543565,0,0.01,0.119166579239017,1.82,0.92,1.7453008880268304,1.1891319111267409,1,0.2595523356117367,1,0.01,0.2793061813070236
162,8.91,6.0,4b2b7a53999e0e21acc8e7d4f9d977def8dcb7227d8607a11766c0fb7e132fdb,1.0,0.3069480046293829,1,0.82,1.6,0.8095559931218025,1.7279912420708954,1,0.2289291734591935,0,0.01,0.1284166473885779,1.82,0.92,1.7351860133030466,1.1727554655115895,1,0.3849668357995723,1,0.01,0.2666059595834485
163,8.965,6.0,4b2b7a53999e0e21acc8e7d4f9d977def8dcb7227d8607a11766c0fb7e132fdb,1.0,0.5951666358563238,0,0.82,1.6,0.8002798002381821,1.7258654171985288,1,0.1903332717126475,0,0.01,0.1274009008021752,1.82,0.92,1.741524017059185,1.0363228876390658,1,1.0,0,0.01,0.140319257720449
164,9.02,6.0,4b2b7a53999e0e21acc8e7d4f9d977def8dcb7227d8607a11766c0fb7e132fdb,0.5,0.0673452756346559,0,0.82,1.6,0.7995621032353255,1.7191692412364463,1,0.1346905512693119,0,0.01,0.1209091215791176,1.82,0.92,1.741524017059185,1.0363228876390658,0,0.0,0,0.01,0.140319257720449
165,9.075,6.0,4b2b7a53999e0e21acc8e7d4f9d977def8dcb7227d8607a11766c0fb7e132fdb,0.5,0.0556320368858131,0,0.82,1.6,0.7950910273552262,1.715858846130868,1,0.1112640737716263,0,0.01,0.118506240953775,1.82,0.92,1.741524017059185,1.0363228876390658,0,0.0,0,0.01,0.140319257720449
166,9.13,6.0,4b2b7a53999e0e21acc8e7d4f9d977def8dcb7227d8607a11766c0fb7e132fdb,0.5,0.3293420456277832,0,0.82,1.6,0.7622954551920599,1.7128401913520832,1,0.6586840912555665,0,0.01,0.1267387994099135,1.82,0.92,1.741524017059185,1.0363228876390658,0,0.0,0,0.01,0.140319257720449
167,9.185,6.0,4b2b7a53999e0e21acc8e7d4f9d977def8dcb7227d8607a11766c0fb7e132fdb,1.0,0.628803165410565,0,0.82,1.6,0.7554633699114751,1.7019211636977254,1,0.25760633082113,0,0.01,0.1206354020703773,1.82,0.92,1.7266446181684776,0.9747831034389663,1,1.0,0,0.01,0.1082423934478254
168,9.24,6.0,4b2b7a53999e0e21acc8e7d4f9d977def8dcb7227d8607a11766c0fb7e132fdb,1.0,0.3426596723307987,0,0.82,1.6,0.7706788070809324,1.6835529041565278,1,0.4770335362762237,0,0.01,0.0970240581708979,1.82,0.92,1.7352016954313292,0.9688472906340964,1,0.2082858083853738,0,0.01,0.0978611785133049
169,9.295,6.0,4b2b7a53999e0e21acc8e7d4f9d977def8dcb7227d8607a11766c0fb7e132fdb,1.0,0.1723484055772965,0,0.82,1.6,0.7586135528803688,1.6887495335787148,1,0.2627358493055389,0,0.01,0.1079109614469757,1.82,0.92,1.739191827013323,0.9697815540479312,1,0.0819609618490542,0,0.01,0.094911347819277
170,9.35,6.0,4b2b7a53999e0e21acc8e7d4f9d977def8dcb7227d8607a11766c0fb7e132fdb,1.0,0.2427369357860689,0,0.82,1.6,0.7670283725805392,1.6799179199546277,1,0.243972613046253,0,0.01,0.095879441181832,1.82,0.92,1.7442276644881696,0.9588066970738792,1,0.2415012585258848,0,0.01,0.0851317013027533
171,9.405,6.0,4b2b7a53999e0e21acc8e7d4f9d977def8dcb7227d8607a11766c0fb7e132fdb,1.0,0.3110268023684039,0,0.82,1.6,0.7499571629874667,1.6735331844642962,1,0.3645221772414437,0,0.01,0.1015535732223366,1.82,0.92,1.7346862508423129,0.9501598759234124,1,0.2575314274953641,0,0.01,0.0904878660984797
172,9.46,6.0,4b2b7a53999e0e21acc8e7d4f9d977def8dcb7227d8607a11766c0fb7e132fdb,1.0,0.4660270098927708,0,0.82,1.6,0.7712893905134142,1.6736169540489216,1,0.4266478400564558,0,0.01,0.0882733221307303,1.82,0.92,1.7097133465149268,0.9462943144213672,1,0.5054061797290857,0,0.01,0.1133778501640701
173,9.515,6.0,4b2b7a53999e0e21acc8e7d4f9d977def8dcb7227d8607a11766c0fb7e132fdb,1.0,0.3350483371083324,0,0.82,1.6,0.7479874704488712,1.6884593094700764,1,0.5525486379106309,0,0.01,0.1140651298349979,1.82,0.92,1.704020398874894,0.9448334245328556,1,0.1175480363060339,0,0.01,0.118608460284955
174,9.57,6.0,4b2b7a53999e0e21acc8e7d4f9d977def8dcb7227d8607a11766c0fb7e132fdb,1.0,0.3662237965746985,0,0.82,1.6,0.7576050117981248,1.678358456038891,1,0.2789439668771488,0,0.01,0.1001657735232494,1.82,0.92,1.712792312661123,0.9239236809635968,1,0.4535036262722481,0,0.01,0.1072794644694617
175,9.625,6.0,4b2b7a53999e0e21acc8e7d4f9d977def8dcb7227d8607a11766c0fb7e132fdb,1.0,0.1511384098716887,0,0.82,1.6,0.7619449134618691,1.6748386012696286,1,0.1117571009782694,0,0.01,0.0947164680134574,1.82,0.92,1.7165526262917377,0.915171284177844,1,0.190519718765108,0,0.01,0.1035600097703164
176,9.68,6.0,4b2b7a53999e0e21acc8e7d4f9d977def8dcb7227d8607a11766c0fb7e132fdb,1.0,0.3088645744402091,0,0.82,1.6,0.7485700833543867,1.6687575587919898,1,0.2938470064634756,0,0.01,0.0991455237670021,1.82,0.92,1.70211362238334,0.9225036965758716,1,0.3238821424169424,0,0.01,0.1179129616459607
177,9.735,6.0,4b2b7a53999e0e21acc8e7d4f9d977def8dcb7227d8607a11766c0fb7e132fdb,1.0,0.4731573789888479,0,0.82,1.6,0.7580901305322068,1.6771228433206316,1,0.2534634360321443,0,0.01,0.0988977497184736,1.82,0.92,1.7242644705226675,0.9491391487498576,1,0.6928513219455515,0,0.01,0.1000718821356505
178,9.79,6.0,4b2b7a53999e0e21acc8e7d4f9d977def8dcb7227d8607a11766c0fb7e132fdb,1.0,0.3295203066452048,0,0.82,1.6,0.7484913969801428,1.647527901391673,1,0.6222527697268835,0,0.01,0.0858625745977146,1.82,0.92,1.722629874300838,0.9482956685919894,1,0.0367878435635261,0,0.01,0.1013981569839328
179,9.845,6.0,4b2b7a53999e0e21acc8e7d4f9d977def8dcb7227d8607a11766c0fb7e132fdb,0.5,0.0749374576487605,0,0.82,1.6,0.7484913969801428,1.647527901391673,0,0.0,0,0.01,0.0858625745977146,1.82,0.92,1.7177848221702754,0.9425788779328236,1,0.1498749152975211,0,0.01,0.1046792639803489
180,9.9,6.0,4b2b7a53999e0e21acc8e7d4f9d977def8dcb7227d8607a11766c0fb7e132fdb,0.5,0.0819275738057492,0,0.82,1.6,0.7484913969801428,1.647527901391673,0,0.0,0,0.01,0.0858625745977146,1.82,0.92,1.7095925162053347,0.9424928751784372,1,0.1638551476114984,0,0.01,0.1126753829000019
181,9.955,6.0,4b2b7a53999e0e21acc8e7d4f9d977def8dcb7227d8607a11766c0fb7e132fdb,0.5,0.1151671750968027,0,0.82,1.6,0.7484913969801428,1.647527901391673,0,0.0,0,0.01,0.0858625745977146,1.82,0.92,1.7098938081414603,0.9540056509239732,1,0.2303343501936054,0,0.01,0.1152378313764741
182,10.01,6.0,4b2b7a53999e0e21acc8e7d4f9d977def8dcb7227d8607a11766c0fb7e132fdb,0.5,0.1792102916463109,0,0.82,1.6,0.7484913969801428,1.647527901391673,0,0.0,0,0.01,0.0858625745977146,1.82,0.92,1.7195329118608642,0.9388976740307512,1,0.3584205832926219,0,0.01,0.1022289483606743
183,10.065,6.0,4b2b7a53999e0e21acc8e7d4f9d977def8dcb7227d8607a11766c0fb7e132fdb,1.0,0.3159780695636999,0,0.82,1.6,0.7308511278747902,1.64103002123311,1,0.375979542350008,0,0.01,0.0981375771230696,1.82,0.92,1.7284191178608206,0.9481088296678404,1,0.2559765967773917,0,0.01,0.0957975170799637
184,10.12,6.0,4b2b7a53999e0e21acc8e7d4f9d977def8dcb7227d8607a11766c0fb7e132fdb,0.5,0.1509572948147487,0,0.82,1.6,0.7308511278747902,1.64103002123311,0,0.0,0,0.01,0.0981375771230696,1.82,0.92,1.7288225044139165,0.96319916855955,1,0.3019145896294974,0,0.01,0.1008935273721099
185,10.175,6.0,4b2b7a53999e0e21acc8e7d4f9d977def8dcb7227d8607a11766c0fb7e132fdb,0.5,0.1108618110897747,0,0.82,1.6,0.7308511278747902,1.64103002123311,0,0.0,0,0.01,0.0981375771230696,1.82,0.92,1.7293308991677143,0.9521246506758968,1,0.2217236221795495,0,0.01,0.0961918864914476
186,10.23,6.0,4b2b7a53999e0e21acc8e7d4f9d977def8dcb7227d8607a11766c0fb7e132fdb,0.5,0.0766471435976921,0,0.82,1.6,0.7308511278747902,1.64103002123311,0,0.0,0,0.01,0.0981375771230696,1.82,0.92,1.722296648961414,0.9551688534043647,1,0.1532942871953843,0,0.01,0.1038402284952555
187,10.285,6.0,4b2b7a53999e0e21acc8e7d4f9d977def8dcb7227d8607a11766c0fb7e132fdb,0.5,0.189452818097442,0,0.82,1.6,0.7308511278747902,1.64103002123311,0,0.0,0,0.01,0.0981375771230696,1.82,0.92,1.7220501745363748,0.9741125318541388,1,0.378905636194884,0,0.01,0.1119032368254816
188,10.34,6.0,4b2b7a53999e0e21acc8e7d4f9d977def8dcb7227d8607a11766c0fb7e132fdb,1.0,0.4547898719118804,0,0.82,1.6,0.730193647425206,1.6088349602517371,1,0.6440354748415292,0,0.01,0.0902398885495653,1.82,0.92,1.7344882250574871,0.9787578839621623,1,0.2655442689822316,0,0.01,0.1037533256408193
189,10.395,6.0,4b2b7a53999e0e21acc8e7d4f9d977def8dcb7227d8607a11766c0fb7e132fdb,1.0,0.1805317718421764,0,0.82,1.6,0.7375479567227089,1.614235395904541,1,0.1824835011538423,0,0.01,0.0836718945474482,1.82,0.92,1.7358413769456575,0.9699320095611164,1,0.1785800425305105,0,0.01,0.0978564224423432
190,10.45,6.0,4b2b7a53999e0e21acc8e7d4f9d977def8dcb7227d8607a11766c0fb7e132fdb,1.0,0.1057166211628461,0,0.82,1.6,0.7318631159067628,1.6067164990570624,1,0.1885218553968436,0,0.01,0.0883924300901849,1.82,0.92,1.7366257051169167,0.969097049413997,1,0.0229113869288486,0,0.01,0.0967563605579074
191,10.505,6.0,4b2b7a53999e0e21acc8e7d4f9d977def8dcb7227d8607a11766c0fb7e132fdb,1.0,0.3393653045612144,0,0.82,1.6,0.7464108198343675,1.6132760878149133,1,0.319163841459129,0,0.01,0.0747771485489998,1.82,0.92,1.7241981595210598,0.9561056383481242,1,0.3595667676632997,0,0.01,0.1023797331490849
192,10.56,6.0,4b2b7a53999e0e21acc8e7d4f9d977def8dcb7227d8607a11766c0fb7e132fdb,1.0,0.3127325112309578,0,0.82,1.6,0.7536881805256204,1.5884614049330013,1,0.5171956941663183,0,0.01,0.0673082207321132,1.82,0.92,1.719723469761904,0.9530588744611032,1,0.1082693282955973,0,0.01,0.1055853763417396
193,10.615,6.0,4b2b7a53999e0e21acc8e7d4f9d977def8dcb7227d8607a11766c0fb7e132fdb,1.0,0.6075801477045673,1,0.82,1.6,0.4900834320185745,1.3173229152916337,1,1.0,1,0.01,0.4344551484881533,1.82,0.92,1.7302775127499912,0.955143834510354,1,0.2151602954091345,0,0.01,0.0963598143544244
194,10.67,6.0,4b2b7a53999e0e21acc8e7d4f9d977def8dcb7227d8607a11766c0fb7e132fdb,1.0,0.1038343674775413,1,0.82,1.6,0.4947693023867745,1.3190250038820663,1,0.0997085486350198,1,0.01,0.4297929211998008,1.82,0.92,1.7252943338435696,0.953068639926164,1,0.1079601863200628,0,0.01,0.1003130008956942
195,10.725,6.0,4b2b7a53999e0e21acc8e7d4f9d977def8dcb7227d8607a11766c0fb7e132fdb,1.0,0.5309608082135828,1,0.82,1.6,0.5233810695019887,1.347828559093562,1,0.8119798052358047,1,0.01,0.3893240623678597,1.82,0.92,1.736873092886959,0.957770725789818,1,0.2499418111913608,0,0.01,0.0913055880703354
196,10.78,6.0,4b2b7a53999e0e21acc8e7d4f9d977def8dcb7227d8607a11766c0fb7e132fdb,1.0,0.4147909946738926,1,0.82,1.6,0.501446203247744,1.361681007317705,1,0.5188559258191666,1,0.01,0.3978347190711004,1.82,0.92,1.7430249998165015,0.9720371464172992,1,0.3107260635286186,0,0.01,0.0929140207961373
197,10.835,6.0,4b2b7a53999e0e21acc8e7d4f9d977def8dcb7227d8607a11766c0fb7e132fdb,1.0,0.4680141350075657,1,0.82,1.6,0.5306436479903337,1.3538504241071658,1,0.6045854159384778,1,0.01,0.3798903949306484,1.82,0.92,1.755453838451264,0.9610754000241722,1,0.3314428540766536,0,0.01,0.076507486286123
198,10.89,6.0,4b2b7a53999e0e21acc8e7d4f9d977def8dcb7227d8607a11766c0fb7e132fdb,1.0,0.4721874955304742,1,0.82,1.6,0.5352328635433555,1.3771729970675703,1,0.4753959650167382,1,0.01,0.3615856679150408,1.82,0.92,1.7659508745201578,0.9401071966928952,1,0.4689790260442101,0,0.01,0.0576680788997042
199,10.945,6.0,4b2b7a53999e0e21acc8e7d4f9d977def8dcb7227d8607a11766c0fb7e132fdb,1.0,0.5007562549764448,1,0.82,1.6,0.5422451010084792,1.400144143647294,1,0.4803519748910956,1,0.01,0.3421843760785453,1.82,0.92,1.7502625267898777,0.9609133617349818,1,0.5211605350617942,0,0.01,0.0808530663499538
200,11.0,6.0,4b2b7a53999e0e21acc8e7d4f9d977def8dcb7227d8607a11766c0fb7e132fdb,0.5,0.1990982692212389,1,0.82,1.6,0.5588002571665197,1.4112043431324672,1,0.3981965384424779,1,0.01,0.3222873030516707,1.82,0.92,1.7502625267898777,0.9609133617349818,0,0.0,0,0.01,0.0808530663499538
201,11.055,6.0,4b2b7a53999e0e21acc8e7d4f9d977def8dcb7227d8607a11766c0fb7e132fdb,0.5,0.1992087040437495,1,0.82,1.6,0.5734277291505004,1.4247275876035903,1,0.3984174080874991,1,0.01,0.3025199221524693,1.82,0.92,1.7502625267898777,0.9609133617349818,0,0.0,0,0.01,0.0808530663499538
202,11.11,6.0,4b2b7a53999e0e21acc8e7d4f9d977def8dcb7227d8607a11766c0fb7e132fdb,0.5,0.2106803814125377,1,0.82,1.6,0.5870772940824996,1.440776002113705,1,0.4213607628250754,1,0.01,0.2821440561749002,1.82,0.92,1.7502625267898777,0.9609133617349818,0,0.0,0,0.01,0.0808530663499538
203,11.165,6.0,4b2b7a53999e0e21acc8e7d4f9d977def8dcb7227d8607a11766c0fb7e132fdb,1.0,0.481278250000586,1,0.82,1.6,0.5849158763479592,1.4447013481665427,1,0.0896215783340472,1,0.01,0.2817484985843534,1.82,0.92,1.781204235312704,0.991697271775024,1,0.8729349216671248,0,0.01,0.0815206117350312
204,11.22,6.0,4b2b7a53999e0e21acc8e7d4f9d977def8dcb7227d8607a11766c0fb7e132fdb,1.0,0.3103953646125136,1,0.82,1.6,0.5974822635618515,1.466159488487165,1,0.4973392699672889,1,0.01,0.2596679139816366,1.82,0.92,1.7823832562421895,0.9977561963190332,1,0.1234514592577383,0,0.01,0.0863773435395233
205,11.275,6.0,4b2b7a53999e0e21acc8e7d4f9d977def8dcb7227d8607a11766c0fb7e132fdb,1.0,0.4788690097659137,1,0.82,1.6,0.6178483684821557,1.4954851419251494,1,0.7140790374152173,1,0.01,0.227571170590065,1.82,0.92,1.775509222820958,1.0078146213169663,1,0.2436589821166102,0,0.01,0.0984420487954075
206,11.33,6.0,4b2b7a53999e0e21acc8e7d4f9d977def8dcb7227d8607a11766c0fb7e132fdb,1.0,0.1608592573377983,1,0.82,1.6,0.6248677445167267,1.489398624829896,1,0.1858142408595417,1,0.01,0.2242972610610917,1.82,0.92,1.7811562277447353,1.0115943388321398,1,0.1359042738160548,0,0.01,0.0994905098444856
207,11.385,6.0,4b2b7a53999e0e21acc8e7d4f9d977def8dcb7227d8607a11766c0fb7e132fdb,1.0,0.2827206988469596,1,0.82,1.6,0.6311281547221217,1.5025682817931822,1,0.291638543728669,1,0.01,0.2125217957090602,1.82,0.92,1.7915440848403643,1.0205113132102337,1,0.2738028539652502,0,0.01,0.10446177861217
208,11.44,6.0,4b2b7a53999e0e21acc8e7d4f9d977def8dcb7227d8607a11766c0fb7e132fdb,1.0,0.5639229070480466,1,0.82,1.6,0.6368438786763959,1.4997061357219157,1,0.1278458140960931,1,0.01,0.2088181601061977,1.82,0.92,1.8828777333622069,1.3168498336579664,1,1.0,1,0.01,0.4018001988888561
209,11.495,6.0,4b2b7a53999e0e21acc8e7d4f9d977def8dcb7227d8607a11766c0fb7e132fdb,1.0,0.3345831093580814,1,0.82,1.6,0.6463697964394052,1.5158516303719003,1,0.3749240492261353,1,0.01,0.1929466135996195,1.82,0.92,1.89553677906104,1.3243461459353698,1,0.2942421694900275,1,0.01,0.4113412339210642
210,11.55,6.0,4b2b7a53999e0e21acc8e7d4f9d977def8dcb7227d8607a11766c0fb7e132fdb,1.0,0.6728297635334359,1,0.82,1.6,0.7665599650910175,1.6281252248635614,1,1.0,0,0.01,0.0603892838564852,1.82,0.92,1.9093571205710325,1.3139683122415102,1,0.3456595270668718,1,0.01,0.403974907694983
211,11.605,6.0,4b2b7a53999e0e21acc8e7d4f9d977def8dcb7227d8607a11766c0fb7e132fdb,1.0,0.5048576612877835,1,0.82,1.6,0.7975940395530489,1.6516371670726615,1,0.7786976830988953,0,0.01,0.0562887563092336,1.82,0.92,1.9069500548010192,1.3026710157174624,1,0.2310176394766717,1,0.01,0.3924250480029715
212,11.66,6.0,4b2b7a53999e0e21acc8e7d4f9d977def8dcb7227d8607a11766c0fb7e132fdb,1.0,0.5113157171317246,1,0.82,1.6,0.8085903576094522,1.670842537340446,1,0.442612814057743,0,0.01,0.0717554530075078,1.82,0.92,1.8899114456390609,1.2792031696874289,1,0.5800186202057064,1,0.01,0.3659433389813772
213,11.715,6.0,4b2b7a53999e0e21acc8e7d4f9d977def8dcb7227d8607a11766c0fb7e132fdb,1.0,0.1103455750095748,1,0.82,1.6,0.8081333707349877,1.6748329954075034,1,0.0803307975520616,0,0.01,0.075768028163419,1.82,0.92,1.883379673184291,1.2766363584437224,1,0.140360352467088,1,0.01,0.3622243436558988
214,11.77,6.0,4b2b7a53999e0e21acc8e7d4f9d977def8dcb7227d8607a11766c0fb7e132fdb,0.5,0.1612007608289068,1,0.82,1.6,0.8081333707349877,1.6748329954075034,0,0.0,0,0.01,0.075768028163419,1.82,0.92,1.8880378545080152,1.2612039833940585,1,0.3224015216578136,1,0.01,0.3479214105657005
215,11.825,6.0,4b2b7a53999e0e21acc8e7d4f9d977def8dcb7227d8607a11766c0fb7e132fdb,0.5,0.1225145674769481,1,0.82,1.6,0.8081333707349877,1.6748329954075034,0,0.0,0,0.01,0.075768028163419,1.82,0.92,1.89792791978164,1.268434806398674,1,0.2450291349538962,1,0.01,0.3570428195491054
216,11.88,6.0,4b2b7a53999e0e21acc8e7d4f9d977def8dcb7227d8607a11766c0fb7e132fdb,0.5,0.1474182845610753,1,0.82,1.6,0.8081333707349877,1.6748329954075034,0,0.0,0,0.01,0.075768028163419,1.82,0.92,1.8840151359590709,1.2733088142500997,1,0.2948365691221506,1,0.01,0.3590613538918795
217,11.935,6.0,4b2b7a53999e0e21acc8e7d4f9d977def8dcb7227d8607a11766c0fb7e132fdb,0.5,0.2843005272661376,1,0.82,1.6,0.8081333707349877,1.6748329954075034,0,0.0,0,0.01,0.075768028163419,1.82,0.92,1.9097107412254384,1.261143134325284,1,0.5686010545322753,1,0.01,0.3527416266738254
218,11.99,6.0,4b2b7a53999e0e21acc8e7d4f9d977def8dcb7227d8607a11766c0fb7e132fdb,1.0,0.3476437078789719,1,0.82,1.6,0.8313473000142687,1.6695587303965118,1,0.4761110727507312,0,0.01,0.0704782107604075,1.82,0.92,1.9005229558982528,1.2551698375708458,1,0.2191763430072126,1,0.01,0.3447067832866928
219,12.045,6.0,4b2b7a53999e0e21acc8e7d4f9d977def8dcb7227d8607a11766c0fb7e132fdb,0.5,0.0615725878275462,1,0.82,1.6,0.8267055862207614,1.6736042623487986,1,0.1231451756550924,0,0.01,0.073909081461447,1.82,0.92,1.9005229558982528,1.2551698375708458,0,0.0,1,0.01,0.3447067832866928
220,12.1,6.0,4b2b7a53999e0e21acc8e7d4f9d977def8dcb7227d8607a11766c0fb7e132fdb,0.5,0.1280300331203055,1,0.82,1.6,0.8140128289283842,1.6752808082398112,1,0.256060066240611,0,0.01,0.0755185163167285,1.82,0.92,1.9005229558982528,1.2551698375708458,0,0.0,1,0.01,0.3447067832866928
221,12.155,6.0,4b2b7a53999e0e21acc8e7d4f9d977def8dcb7227d8607a11766c0fb7e132fdb,0.5,0.1669564896125046,1,0.82,1.6,0.8233565060124065,1.6614446096004876,1,0.3339129792250093,0,0.01,0.0615362184535874,1.82,0.92,1.9005229558982528,1.2551698375708458,0,0.0,1,0.01,0.3447067832866928
222,12.21,6.0,4b2b7a53999e0e21acc8e7d4f9d977def8dcb7227d8607a11766c0fb7e132fdb,1.0,0.5541058133435002,1,0.82,1.6,0.8249843305500624,1.6562847086663397,1,0.1082116266870003,0,0.01,0.0565049730615543,1.82,0.92,1.8680200015524704,1.2112113775327582,1,1.0,1,0.01,0.295144010533207
223,12.265,6.0,4b2b7a53999e0e21acc8e7d4f9d977def8dcb7227d8607a11766c0fb7e132fdb,1.0,0.4777116611484279,1,0.82,1.6,0.834453753296937,1.6795976508991566,1,0.5032547039858424,0,0.01,0.0808993016844565,1.82,0.92,1.845444577762752,1.2124326019911815,1,0.4521686183110133,1,0.01,0.2935374818398114
224,12.32,6.0,4b2b7a53999e0e21acc8e7d4f9d977def8dcb7227d8607a11766c0fb7e132fdb,1.0,0.5814885914920591,0,0.82,1.6,0.8375434128873294,1.6720572325388072,1,0.1629771829841181,0,0.01,0.0741620933960675,1.82,0.92,1.835158981595168,1.107605621531191,1,1.0,0,0.01,0.188217066051692
225,12.375,6.0,4b2b7a53999e0e21acc8e7d4f9d977def8dcb7227d8607a11766c0fb7e132fdb,1.0,0.6297577291862689,0,0.82,1.6,0.8302182306078426,1.6613468456453255,1,0.2595154583725379,0,0.01,0.0621920228597401,1.82,0.92,1.7991156670979114,1.058290189983148,1,1.0,0,0.01,0.1398582568400609
226,12.43,6.0,4b2b7a53999e0e21acc8e7d4f9d977def8dcb7227d8607a11766c0fb7e132fdb,1.0,0.228859918772236,0,0.82,1.6,0.826858864985614,1.6805493258602546,1,0.3898823329100997,0,0.01,0.0808408184361857,1.82,0.92,1.7963350087139494,1.0602325484823052,1,0.0678375046343724,0,0.01,0.1422153278181044
227,12.485,6.0,4b2b7a53999e0e21acc8e7d4f9d977def8dcb7227d8607a11766c0fb7e132fdb,1.0,0.3790653538367188,0,0.82,1.6,0.8140253696722888,1.6896450212901486,1,0.3145983326786933,0,0.01,0.0898438982327903,1.82,0.92,1.774159649285599,1.0604688817103414,1,0.4435323749947443,0,0.01,0.147759414192711
228,12.54,6.0,4b2b7a53999e0e21acc8e7d4f9d977def8dcb7227d8607a11766c0fb7e132fdb,1.0,0.2486581152969651,0,0.82,1.6,0.8296029656756403,1.691570601786152,1,0.3139231482323161,0,0.01,0.0920727541743242,1.82,0.92,1.7832288337064626,1.059115201325021,1,0.1833930823616141,0,0.01,0.143892869560267
229,12.595,6.0,4b2b7a53999e0e21acc8e7d4f9d977def8dcb7227d8607a11766c0fb7e132fdb,1.0,0.2171752836083157,0,0.82,1.6,0.8217491703936542,1.6936436586356218,1,0.1624557355496934,0,0.01,0.0936599935924132,1.82,0.92,1.7723410265651942,1.067256003151163,1,0.271894831666938,0,0.01,0.1547763167054796
230,12.65,6.0,4b2b7a53999e0e21acc8e7d4f9d977def8dcb7227d8607a11766c0fb7e132fdb,0.5,0.1590024523909244,0,0.82,1.6,0.8217491703936542,1.6936436586356218,0,0.0,0,0.01,0.0936599935924132,1.82,0.92,1.7742526565672625,1.083040915865476,1,0.3180049047818488,0,0.01,0.1693374136964601
231,12.705,6.0,4b2b7a53999e0e21acc8e7d4f9d977def8dcb7227d8607a11766c0fb7e132fdb,0.5,0.3695311894378724,0,0.82,1.6,0.8217491703936542,1.6936436586356218,0,0.0,0,0.01,0.0936599935924132,1.82,0.92,1.767681189944518,1.046676801327929,1,0.7390623788757448,0,0.01,0.1370557181597952
232,12.76,6.0,4b2b7a53999e0e21acc8e7d4f9d977def8dcb7227d8607a11766c0fb7e132fdb,0.5,0.0956614701072582,0,0.82,1.6,0.8217491703936542,1.6936436586356218,0,0.0,0,0.01,0.0936599935924132,1.82,0.92,1.7769501287362923,1.0490427984338355,1,0.1913229402145164,0,0.01,0.1360343164185322
233,12.815,6.0,4b2b7a53999e0e21acc8e7d4f9d977def8dcb7227d8607a11766c0fb7e132fdb,0.5,0.105118452148595,0,0.82,1.6,0.8217491703936542,1.6936436586356218,0,0.0,0,0.01,0.0936599935924132,1.82,0.92,1.7668056822748963,1.04628796707547,1,0.21023690429719,0,0.01,0.1370338865620263
234,12.87,6.0,4b2b7a53999e0e21acc8e7d4f9d977def8dcb7227d8607a11766c0fb7e132fdb,0.5,0.4331421411827696,0,0.82,1.6,0.7885816685801282,1.721501116669938,1,0.8662842823655393,0,0.01,0.1254975414151639,1.82,0.92,1.7668056822748963,1.04628796707547,0,0.0,0,0.01,0.1370338865620263
235,12.925,6.0,4b2b7a53999e0e21acc8e7d4f9d977def8dcb7227d8607a11766c0fb7e132fdb,0.5,0.2201507828066564,0,0.82,1.6,0.8105757467083413,1.7205397639802893,1,0.4403015656133128,0,0.01,0.1209076145266672,1.82,0.92,1.7668056822748963,1.04628796707547,0,0.0,0,0.01,0.1370338865620263
236,12.98,6.0,4b2b7a53999e0e21acc8e7d4f9d977def8dcb7227d8607a11766c0fb7e132fdb,0.5,0.1416651889236544,0,0.82,1.6,0.824207654874531,1.716684723477737,1,0.2833303778473089,0,0.01,0.1167605629166761,1.82,0.92,1.7668056822748963,1.04628796707547,0,0.0,0,0.01,0.1370338865620263
237,13.035,6.0,4b2b7a53999e0e21acc8e7d4f9d977def8dcb7227d8607a11766c0fb7e132fdb,1.0,0.4226620090999442,0,0.82,1.6,0.8253123725147004,1.7117243378231528,1,0.1016382347479635,0,0.01,0.1118505653260496,1.82,0.92,1.7592365182114176,1.0098822104338152,1,0.7436857834519248,0,0.01,0.1084942969539875
238,13.09,6.0,4b2b7a53999e0e21acc8e7d4f9d977def8dcb7227d8607a11766c0fb7e132fdb,1.0,0.1564413669306167,0,0.82,1.6,0.8214254909617601,1.717610303818074,1,0.1410708246236013,0,0.01,0.1176189423037877,1.82,0.92,1.7600466617245023,1.0013299009283128,1,0.1718119092376321,0,0.01,0.1010393762618585
239,13.145,6.0,4b2b7a53999e0e21acc8e7d4f9d977def8dcb7227d8607a11766c0fb7e132fdb,1.0,0.3226523254479858,0,0.82,1.6,0.8274280823626661,1.7127996038131692,1,0.1538491963754409,0,0.01,0.1130439163687921,1.82,0.92,1.7373554364552757,1.010760142453648,1,0.4914554545205307,0,0.01,0.1227498567889367
240,13.2,6.0,4b2b7a53999e0e21acc8e7d4f9d977def8dcb7227d8607a11766c0fb7e132fdb,1.0,0.4052371485022583,0,0.82,1.6,0.8126252207588976,1.723578730854867,1,0.3662317798560797,0,0.01,0.123798586779311,1.82,0.92,1.7463750216148164,1.0310585566443116,1,0.4442425171484369,0,0.01,0.1332465400906774
241,13.255,6.0,4b2b7a53999e0e21acc8e7d4f9d977def8dcb7227d8607a11766c0fb7e132fdb,1.0,0.1848863365752667,0,0.82,1.6,0.8110623783750626,1.7178402974358256,1,0.1189488872104011,0,0.01,0.1181787492744544,1.82,0.92,1.7427539016946672,1.0430655928942465,1,0.2508237859401322,0,0.01,0.1453000339222588
242,13.31,6.0,4b2b7a53999e0e21acc8e7d4f9d977def8dcb7227d8607a11766c0fb7e132fdb,1.0,0.3212861830528162,0,0.82,1.6,0.8015703805633849,1.7344929123838722,1,0.383357591324235,0,0.01,0.1357497490018834,1.82,0.92,1.7501451497037814,1.0537121980588138,1,0.2592147747813974,0,0.01,0.1508597097293593
243,13.365,6.0,4b2b7a53999e0e21acc8e7d4f9d977def8dcb7227d8607a11766c0fb7e132fdb,1.0,0.4211718430596461,0,0.82,1.6,0.8141423212768828,1.7517784957867248,1,0.4274786950858167,0,0.01,0.1518914881858232,1.82,0.92,1.7646236081365667,1.0388576821335769,1,0.4148649910334755,0,0.01,0.1311247245105928
244,13.42,6.0,4b2b7a53999e0e21acc8e7d4f9d977def8dcb7227d8607a11766c0fb7e132fdb,1.0,0.2553483225046958,0,0.82,1.6,0.8141405502911369,1.7428367550095778,1,0.1788348190505246,0,0.01,0.1429568876709227,1.82,0.92,1.7480888501450496,1.037467553728053,1,0.331861825958867,0,0.01,0.1377310409904544
245,13.475,6.0,4b2b7a53999e0e21acc8e7d4f9d977def8dcb7227d8607a11766c0fb7e132fdb,1.0,0.3629369335660282,0,0.82,1.6,0.8012772092238871,1.7514319572103765,1,0.309414314009552,0,0.01,0.1525849945407847,1.82,0.92,1.7346301733992906,1.053356556803157,1,0.4164595531225043,0,0.01,0.1583413355262259
246,13.53,6.0,4b2b7a53999e0e21acc8e7d4f9d977def8dcb7227d8607a11766c0fb7e132fdb,1.0,0.2362833866269339,0,0.82,1.6,0.793432879117613,1.751751477970862,1,0.1570166976249095,0,0.01,0.1540594787032604,1.82,0.92,1.7484016292335711,1.0456574250483384,1,0.3155500756289582,0,0.01,0.1446240476759856
247,13.585,6.0,4b2b7a53999e0e21acc8e7d4f9d977def8dcb7227d8607a11766c0fb7e132fdb,1.0,0.0748332794723571,0,0.82,1.6,0.7869163013614052,1.7543195222298151,1,0.1400865974583482,0,0.01,0.1578259993057156,1.82,0.92,1.7486823716400066,1.045269323442532,1,0.0095799614863661,0,0.01,0.1441478668265465
248,13.64,6.0,4b2b7a53999e0e21acc8e7d4f9d977def8dcb7227d8607a11766c0fb7e132fdb,1.0,0.2057077870035237,0,0.82,1.6,0.7931667667866806,1.7660204942507511,1,0.2653157094989217,0,0.01,0.1681749889726294,1.82,0.92,1.7416605407038002,1.0472834774402604,1,0.1460998645081258,0,0.01,0.1494595413886521
249,13.695,6.0,4b2b7a53999e0e21acc8e7d4f9d977def8dcb7227d8607a11766c0fb7e132fdb,1.0,0.1147885084228907,0,0.82,1.6,0.8028916869119308,1.76426924488545,1,0.1976268663739456,0,0.01,0.1651577403331594,1.82,0.92,1.741934062568924,1.0488573948705062,1,0.0319501504718358,0,0.01,0.1506602761175162
250,13.75,6.0,4b2b7a53999e0e21acc8e7d4f9d977def8dcb7227d8607a11766c0fb7e132fdb,1.0,0.3990136344737391,0,0.82,1.6,0.773753381815811,1.7643497600144873,1,0.5827683267167375,0,0.01,0.1707325197796064,1.82,0.92,1.746757527941751,1.039235793531702,1,0.2152589422307408,0,0.01,0.1399343923856391
251,13.805,6.0,4b2b7a53999e0e21acc8e7d4f9d977def8dcb7227d8607a11766c0fb7e132fdb,1.0,0.195846713259419,0,0.82,1.6,0.7605413872764076,1.7693827880727155,1,0.2827636264756392,0,0.01,0.1795156135891821,1.82,0.92,1.746339404583339,1.03380537677046,1,0.1089298000431988,0,0.01,0.1355638119079107
252,13.86,6.0,4b2b7a53999e0e21acc8e7d4f9d977def8dcb7227d8607a11766c0fb7e132fdb,1.0,0.300996167475219,0,0.82,1.6,0.7730462995910719,1.7776243635147182,1,0.2995305645597204,0,0.01,0.1837255140041798,1.82,0.92,1.7447716740078674,1.0187637669093963,1,0.3024617703907176,0,0.01,0.1241514505985014
253,13.915,6.0,4b2b7a53999e0e21acc8e7d4f9d977def8dcb7227d8607a11766c0fb7e132fdb,1.0,0.4120806443647981,0,0.82,1.6,0.7556612804194438,1.759415528775805,1,0.5035079161828204,0,0.01,0.1719092250350022,1.82,0.92,1.7537200523676428,1.0320668863948537,1,0.3206533725467757,0,0.01,0.1301999173747243
254,13.97,6.0,4b2b7a53999e0e21acc8e7d4f9d977def8dcb7227d8607a11766c0fb7e132fdb,0.5,0.0116915521624687,0,0.82,1.6,0.7544974593739129,1.759303973885027,1,0.0233831043249374,0,0.01,0.1722449968040683,1.82,0.92,1.7537200523676428,1.0320668863948537,0,0.0,0,0.01,0.1301999173747243
255,14.025,6.0,4b2b7a53999e0e21acc8e7d4f9d977def8dcb7227d8607a11766c0fb7e132fdb,0.5,0.1584165111622432,0,0.82,1.6,0.7463397103865912,1.7457242448174783,1,0.3168330223244864,0,0.01,0.1632831705766261,1.82,0.92,1.7537200523676428,1.0320668863948537,0,0.0,0,0.01,0.1301999173747243
256,14.08,6.0,4b2b7a53999e0e21acc8e7d4f9d977def8dcb7227d8607a11766c0fb7e132fdb,0.5,0.15130116919856,0,0.82,1.6,0.7582347732618206,1.736373955131974,1,0.30260233839712,0,0.01,0.1497090473964626,1.82,0.92,1.7537200523676428,1.0320668863948537,0,0.0,0,0.01,0.1301999173747243
257,14.135,6.0,4b2b7a53999e0e21acc8e7d4f9d977def8dcb7227d8607a11766c0fb7e132fdb,1.0,0.6044295659803384,0,0.82,1.6,0.7492007883677598,1.730260710811068,1,0.2181601606097737,0,0.01,0.1482578198570025,1.82,0.92,1.721747343194372,0.9942322858589582,1,0.990698971350903,0,0.01,0.123142262579549
258,14.19,6.0,4b2b7a53999e0e21acc8e7d4f9d977def8dcb7227d8607a11766c0fb7e132fdb,1.0,0.4527967032262316,0,0.82,1.6,0.7402028549428427,1.7356769459543304,1,0.2100460987939086,0,0.01,0.1574033609004816,1.82,0.92,1.703103916893839,1.0235902115137838,1,0.6955473076585548,0,0.01,0.156190992592508
259,14.245,6.0,4b2b7a53999e0e21acc8e7d4f9d977def8dcb7227d8607a11766c0fb7e132fdb,1.0,0.2421755914247499,0,0.82,1.6,0.7276492198395432,1.7298847159494657,1,0.2765094448557206,0,0.01,0.1593697149194864,1.82,0.92,1.7087163465031303,1.0148440063931936,1,0.2078417379937793,0,0.01,0.1462170888929316
260,14.3,6.0,4b2b7a53999e0e21acc8e7d4f9d977def8dcb7227d8607a11766c0fb7e132fdb,1.0,0.3759416077477983,0,0.82,1.6,0.7191916665187541,1.718840566580612,1,0.2782110303029299,0,0.01,0.1558377372925662,1.82,0.92,1.6864707114765871,1.006717194605732,1,0.4736721851926666,0,0.01,0.1592166534438442
261,14.355,6.0,4b2b7a53999e0e21acc8e7d4f9d977def8dcb7227d8607a11766c0fb7e132fdb,1.0,0.470073395107567,0,0.82,1.6,0.7340244656770218,1.7311192709452965,1,0.3851121975449892,0,0.01,0.1567930346518861,1.82,0.92,1.7096010543627371,0.9913827322538784,1,0.5550345926701448,0,0.01,0.1314664278888271
262,14.41,6.0,4b2b7a53999e0e21acc8e7d4f9d977def8dcb7227d8607a11766c0fb7e132fdb,1.0,0.3083975370903175,0,0.82,1.6,0.7265993391368303,1.7286245213715403,1,0.1566604986250364,0,0.01,0.1589589599479521,1.82,0.92,1.7270254111491965,0.9763593717898378,1,0.4601345755555986,0,0.01,0.1087228263085591
263,14.465,6.0,4b2b7a53999e0e21acc8e7d4f9d977def8dcb7227d8607a11766c0fb7e132fdb,1.0,0.1752690995615556,0,0.82,1.6,0.727583182318142,1.722395259849115,1,0.1261295310705341,0,0.01,0.153367101504769,1.82,0.92,1.735136052890333,0.9841127978899412,1,0.2244086680525771,0,0.01,0.1063594865176999
264,14.52,6.0,4b2b7a53999e0e21acc8e7d4f9d977def8dcb7227d8607a11766c0fb7e132fdb,1.0,0.1686998542740724,0,0.82,1.6,0.7291366711108579,1.7284995913115633,1,0.1259780775095883,0,0.01,0.1573794443504461,1.82,0.92,1.726124940729034,0.9785858074978744,1,0.2114216310385566,0,0.01,0.1106563310132112
265,14.575,6.0,4b2b7a53999e0e21acc8e7d4f9d977def8dcb7227d8607a11766c0fb7e132fdb,1.0,0.2979655882804841,0,0.82,1.6,0.7208053513426875,1.7049419421770784,1,0.4997494259418424,0,0.01,0.1444035648803203,1.82,0.92,1.7254679021215693,0.9738218151439028,1,0.0961817506191257,0,0.01,0.1087800777471759
266,14.63,6.0,4b2b7a53999e0e21acc8e7d4f9d977def8dcb7227d8607a11766c0fb7e132fdb,1.0,0.2684880729560834,0,0.82,1.6,0.7101961740937915,1.68891993911965,1,0.3843223771110569,0,0.01,0.1412927307283824,1.82,0.92,1.724864532846209,0.9662130124561924,1,0.1526537688011099,0,0.01,0.105765777219506
267,14.685,6.0,4b2b7a53999e0e21acc8e7d4f9d977def8dcb7227d8607a11766c0fb7e132fdb,0.5,0.2627811163144276,0,0.82,1.6,0.7209539745483691,1.712895111283663,1,0.5255622326288553,0,0.01,0.1501846240782182,1.82,0.92,1.724864532846209,0.9662130124561924,0,0.0,0,0.01,0.105765777219506
268,14.74,6.0,4b2b7a53999e0e21acc8e7d4f9d977def8dcb7227d8607a11766c0fb7e132fdb,0.5,0.0996451284484571,0,0.82,1.6,0.7259269725493533,1.7042602512895866,1,0.1992902568969142,0,0.01,0.1404276842104071,1.82,0.92,1.724864532846209,0.9662130124561924,0,0.0,0,0.01,0.105765777219506
269,14.795,6.0,4b2b7a53999e0e21acc8e7d4f9d977def8dcb7227d8607a11766c0fb7e132fdb,0.5,0.0710320553954086,0,0.82,1.6,0.733023216746226,1.7039458514878756,1,0.1420641107908172,0,0.01,0.135534869560248,1.82,0.92,1.724864532846209,0.9662130124561924,0,0.0,0,0.01,0.105765777219506
270,14.85,6.0,4b2b7a53999e0e21acc8e7d4f9d977def8dcb7227d8607a11766c0fb7e132fdb,1.0,0.2464685591837394,0,0.82,1.6,0.7250636534338812,1.7010073019914609,1,0.1696935134483392,0,0.01,0.1386195691629299,1.82,0.92,1.7292741908014306,0.950664025768284,1,0.3232436049191396,0,0.01,0.0957677134062059
271,14.905,6.0,4b2b7a53999e0e21acc8e7d4f9d977def8dcb7227d8607a11766c0fb7e132fdb,1.0,0.1356724961503792,0,0.82,1.6,0.7307630916297756,1.6968257894194063,1,0.1413770039844784,0,0.01,0.1316755835839242,1.82,0.92,1.723178415685513,0.948412199686276,1,0.12996798831628,0,0.01,0.1009042728539289
272,14.96,6.0,4b2b7a53999e0e21acc8e7d4f9d977def8dcb7227d8607a11766c0fb7e132fdb,1.0,0.225749570106215,0,0.82,1.6,0.7146890350789269,1.7085920504544607,1,0.3984069240085676,0,0.01,0.151270065626057,1.82,0.92,1.724865181819286,0.946362375653938,1,0.0530922162038624,0,0.01,0.0987198484621855
273,15.015,6.0,4b2b7a53999e0e21acc8e7d4f9d977def8dcb7227d8607a11766c0fb7e132fdb,1.0,0.4591935586533197,0,0.82,1.6,0.736000056830294,1.6843983545299015,1,0.6448238738065659,0,0.01,0.1190759115013141,1.82,0.92,1.7365438462005278,0.9392419178908432,1,0.2735632435000734,0,0.01,0.0856456712923608
274,15.07,6.0,4b2b7a53999e0e21acc8e7d4f9d977def8dcb7227d8607a11766c0fb7e132fdb,1.0,0.1143810989788395,0,0.82,1.6,0.7332745078765451,1.6909205299214072,1,0.1413752297071039,0,0.01,0.1256497264033826,1.82,0.92,1.7328786143416024,0.9368634139555122,1,0.087386968250575,0,0.01,0.088738439073911
275,15.125,6.0,4b2b7a53999e0e21acc8e7d4f9d977def8dcb7227d8607a11766c0fb7e132fdb,1.0,0.2148618190196266,0,0.82,1.6,0.7441897504887007,1.6983450428957112,1,0.264019631230578,0,0.01,0.1241730300553413,1.82,0.92,1.7272705830788526,0.9429621457939475,1,0.1657040068086753,0,0.01,0.0955301256253674
276,15.18,6.0,4b2b7a53999e0e21acc8e7d4f9d977def8dcb7227d8607a11766c0fb7e132fdb,1.0,0.1362586432850682,0,0.82,1.6,0.7476430069676608,1.6989837537167838,1,0.0702365483845417,0,0.01,0.1226104316139,1.82,0.92,1.7365453580551629,0.9389282529171992,1,0.2022807381855947,0,0.01,0.0855742719550592
277,15.235,6.0,4b2b7a53999e0e21acc8e7d4f9d977def8dcb7227d8607a11766c0fb7e132fdb,1.0,0.5335365839651041,0,0.82,1.6,0.7462384306860158,1.67116580941365,1,0.557067629568693,0,0.01,0.1024955683781579,1.82,0.92,1.7612385173369205,0.9325633485515148,1,0.5100055383615152,0,0.01,0.0600895129917881
278,15.29,6.0,4b2b7a53999e0e21acc8e7d4f9d977def8dcb7227d8607a11766c0fb7e132fdb,0.5,0.1116524315793473,0,0.82,1.6,0.7512566752277773,1.6811397693341077,1,0.2233048631586947,0,0.01,0.1063452249437248,1.82,0.92,1.7612385173369205,0.9325633485515148,0,0.0,0,0.01,0.0600895129917881
279,15.345,6.0,4b2b7a53999e0e21acc8e7d4f9d977def8dcb7227d8607a11766c0fb7e132fdb,0.5,0.0615522792907477,0,0.82,1.6,0.7469699063430004,1.6767227065784551,1,0.1231045585814955,0,0.01,0.1059234076315232,1.82,0.92,1.7612385173369205,0.9325633485515148,0,0.0,0,0.01,0.0600895129917881
