stress_multiplier,method,short,seed,sweep_episode_id,violation_rate,violation_count,known_static_violation_rate,known_static_violation_count,uncertain_true_violation_rate,uncertain_true_violation_count,min_clearance_cm,min_known_static_clearance_cm,min_uncertain_true_clearance_cm,cost,belief_center_rmse_cm,goal_error_cm,reached
0.8,AC,AC,0,2000,0.0,0,0.0,0,0.0,0,0.4485430939387969,2.297277743212536,0.4485430939387969,6.335471757414917,2.5900491704454374,4.805397933460109,1
1.0,AC,AC,0,2000,0.0,0,0.0,0,0.0,0,0.3509453573438265,2.273861073073808,0.3509453573438265,6.3198326637107725,3.20404484914235,5.504348148247107,1
1.3,AC,AC,0,2000,0.0035714285714285,1,0.0,0,0.0035714285714285,1,-0.1196635126090528,2.2402376041397183,-0.1196635126090528,11.50086679677308,4.152855261987727,5.407641676624118,1
1.6,AC,AC,0,2000,0.0071428571428571,2,0.0,0,0.0071428571428571,2,-0.5779760844019655,2.2083525709647724,-0.5779760844019655,16.699392161612977,5.38087194225819,5.294549940784603,1
2.0,AC,AC,0,2000,0.0142857142857142,4,0.0,0,0.0142857142857142,4,-0.9894587198270312,2.168573893078761,-0.9894587198270312,27.08198991109756,6.437360586596376,5.158681310650749,1
2.2,AC,AC,0,2000,0.0178571428571428,5,0.0,0,0.0178571428571428,5,-1.2006623988575784,2.1520601653744547,-1.2006623988575784,32.281413640128086,7.033836767679544,5.045842997180273,1
2.6,AC,AC,0,2000,0.0214285714285714,6,0.0,0,0.0214285714285714,6,-1.2736361703200778,2.1223105645651748,-1.2736361703200778,37.48394128069406,8.165712421360377,4.7596443266148665,1
3.0,AC,AC,0,2000,0.0285714285714285,8,0.0,0,0.0285714285714285,8,-1.984007377553264,2.0890192734634683,-1.984007377553264,47.88538302031847,9.456268870171884,5.1202834640856905,1
3.5,AC,AC,0,2000,0.0285714285714285,8,0.0,0,0.0285714285714285,8,-2.030238989913269,2.0597816253668557,-2.030238989913269,47.88721962832105,11.21624221728463,5.256988879490041,1
4.0,AC,AC,0,2000,0.0321428571428571,9,0.0,0,0.0321428571428571,9,-1.5734955684085616,2.0340565389559315,-1.5734955684085616,53.068906995260285,12.710477410533066,5.420795191093823,1
4.5,AC,AC,0,2000,0.0321428571428571,9,0.0,0,0.0321428571428571,9,-1.6965570355304909,2.011874554723789,-1.6965570355304909,53.08083659807754,14.475171993328145,4.7560956733302655,1
0.8,AC,AC,1,2000,0.0,0,0.0,0,0.0,0,0.8785529473840259,2.2935284907275637,0.8785529473840259,6.37626071362873,1.729676750647029,4.459126013724695,1
1.0,AC,AC,1,2000,0.0,0,0.0,0,0.0,0,0.8166646972793234,2.2948625773106004,0.8166646972793234,6.362087350946739,2.1263858111827343,4.440167940718549,1
1.3,AC,AC,1,2000,0.0,0,0.0,0,0.0,0,0.8277973837149954,2.2974422875482654,0.8277973837149954,6.359928882535968,2.8008171283764045,4.3892028326028285,1
1.6,AC,AC,1,2000,0.0,0,0.0,0,0.0,0,1.1517772043838417,2.30053482214871,1.1517772043838417,6.355636685869582,3.5196108303477835,4.286554992699755,1
2.0,AC,AC,1,2000,0.0,0,0.0,0,0.0,0,1.2411371076896605,2.305261488028791,1.2411371076896605,6.33862385852613,4.383726603840247,4.262775145168016,1
2.2,AC,AC,1,2000,0.0,0,0.0,0,0.0,0,0.7189786337544884,2.313846675787787,0.7189786337544884,6.348753047917911,4.300334798815023,4.371570831693092,1
2.6,AC,AC,1,2000,0.0,0,0.0,0,0.0,0,0.6808398476085054,2.3200525663536373,0.6808398476085054,6.331478781898662,5.064739436656217,4.356860524257751,1
3.0,AC,AC,1,2000,0.0,0,0.0,0,0.0,0,0.4628985964026222,2.32668606087516,0.4628985964026222,6.330129891616696,5.83032849505606,4.696018913382489,1
3.5,AC,AC,1,2000,0.0,0,0.0,0,0.0,0,0.2304055941778793,2.335520664056352,0.2304055941778793,6.328059893699556,6.7886533764522365,4.603711042385011,1
4.0,AC,AC,1,2000,0.0,0,0.0,0,0.0,0,0.0956388897318444,2.3449131146722038,0.0956388897318444,6.331036929259868,8.296777001971353,4.364060921289082,1
4.5,AC,AC,1,2000,0.0071428571428571,2,0.0,0,0.0071428571428571,2,-0.3927063447810158,2.667238653736673,-0.3927063447810158,16.759466122867185,9.132644136806098,4.245159464490953,1
0.8,AC,AC,2,2000,0.0,0,0.0,0,0.0,0,0.8951287381217671,2.103456537520055,0.8951287381217671,6.417326398407626,1.8113991952298127,4.330553723616979,1
1.0,AC,AC,2,2000,0.0,0,0.0,0,0.0,0,1.007061585734853,2.1005000636824622,1.007061585734853,6.417831549094618,2.235633754966818,4.319912644071409,1
1.3,AC,AC,2,2000,0.0,0,0.0,0,0.0,0,1.1317152859733477,2.083390235668426,1.1317152859733477,6.418109239540551,2.9896068457902687,4.860548084706515,1
1.6,AC,AC,2,2000,0.0,0,0.0,0,0.0,0,0.1382444323034387,2.0613831231300312,0.1382444323034387,6.425212263501853,3.568745282590401,4.803895291225898,1
2.0,AC,AC,2,2000,0.0035714285714285,1,0.0,0,0.0035714285714285,1,-0.3236233448333181,2.0333531566312604,-0.3236233448333181,11.625338973716564,4.762291098754162,4.809564670680599,1
2.2,AC,AC,2,2000,0.0035714285714285,1,0.0,0,0.0035714285714285,1,-0.53279678706869,2.019915994431446,-0.53279678706869,11.625475083557992,5.2253721424758615,4.785529807159849,1
2.6,AC,AC,2,2000,0.0071428571428571,2,0.0,0,0.0071428571428571,2,-0.6046705912213429,1.994096597869221,-0.6046705912213429,16.78972057327191,6.1738475584314365,4.314549645382564,1
3.0,AC,AC,2,2000,0.0107142857142857,3,0.0,0,0.0107142857142857,3,-0.9326410900862004,1.9305985204238776,-0.9326410900862004,21.99199173369369,7.065426961562428,4.570841179728168,1
3.5,AC,AC,2,2000,0.0071428571428571,2,0.0,0,0.0071428571428571,2,-0.98293742072567,1.899154360104744,-0.98293742072567,16.779958612667933,8.135454960258032,4.588131727210987,1
4.0,AC,AC,2,2000,0.0107142857142857,3,0.0,0,0.0107142857142857,3,-1.2233090947515983,1.8702282460506103,-1.2233090947515983,22.00065223743466,9.226016122672132,4.479037746768234,1
4.5,AC,AC,2,2000,0.0107142857142857,3,0.0,0,0.0107142857142857,3,-1.4093938323126318,1.843647788347065,-1.4093938323126318,21.994377895427853,10.18365038814986,4.345360902155117,1
0.8,AC,AC,3,2000,0.0,0,0.0,0,0.0,0,1.4053082289507883,2.2575935299331245,1.4053082289507883,6.290873766904139,2.0964030226163404,4.841524189526742,1
1.0,AC,AC,3,2000,0.0,0,0.0,0,0.0,0,1.200138745193524,2.2778788395686416,1.200138745193524,6.3204542367036245,2.613810957244986,4.841336357291903,1
1.3,AC,AC,3,2000,0.0,0,0.0,0,0.0,0,1.379561315307551,2.296562330191616,1.379561315307551,6.320955245626634,3.4403353985521328,4.824945074984451,1
1.6,AC,AC,3,2000,0.0,0,0.0,0,0.0,0,1.381450630251807,2.3135534457736098,1.381450630251807,6.305632428279574,4.195889062716972,4.819464126939012,1
2.0,AC,AC,3,2000,0.0,0,0.0,0,0.0,0,1.5036234189802573,2.3334663942030565,1.5036234189802573,6.256718747537225,4.989353421151401,4.738456264462535,1
2.2,AC,AC,3,2000,0.0,0,0.0,0,0.0,0,1.2995165062486906,2.34220334603267,1.2995165062486906,6.268088688545767,5.684112281256038,4.740041297098049,1
2.6,AC,AC,3,2000,0.0,0,0.0,0,0.0,0,1.08580249422201,2.3832052922381246,1.08580249422201,6.207518680240864,6.819361245147057,5.300328778635451,1
3.0,AC,AC,3,2000,0.0,0,0.0,0,0.0,0,0.8280480302688492,2.3619877790419563,0.8280480302688492,6.217561452372666,8.221500351056148,5.382685741553313,1
3.5,AC,AC,3,2000,0.0,0,0.0,0,0.0,0,0.3384543716113797,2.332534962865972,0.3384543716113797,6.189977143302851,9.12202061810203,5.183401180950169,1
4.0,AC,AC,3,2000,0.0,0,0.0,0,0.0,0,0.0538798397477446,2.327927455082514,0.0538798397477446,6.188654557625086,10.385788903031845,5.054275545567209,1
4.5,AC,AC,3,2000,0.0071428571428571,2,0.0,0,0.0071428571428571,2,-0.2271950056660671,2.320173718963097,-0.2271950056660671,16.624677514106303,11.63995772296712,4.894671170775307,1
0.8,AC,AC,4,2000,0.0,0,0.0,0,0.0,0,1.0767223768508165,2.3587327021652933,1.0767223768508165,6.437675883355109,1.901712195384453,5.126253212086473,1
1.0,AC,AC,4,2000,0.0,0,0.0,0,0.0,0,0.9618051415736462,2.361464671533815,0.9618051415736462,6.421235408821092,2.3347561770018395,4.847318977044592,1
1.3,AC,AC,4,2000,0.0,0,0.0,0,0.0,0,1.000884434887872,2.366102063241284,1.000884434887872,6.373120879698897,3.001845803661798,4.712782252922403,1
1.6,AC,AC,4,2000,0.0,0,0.0,0,0.0,0,1.4165499848824037,2.3712969974971903,1.4165499848824037,6.3854210630147685,3.786720899357406,4.692510535227246,1
2.0,AC,AC,4,2000,0.0,0,0.0,0,0.0,0,1.6580497707331665,2.379012351616222,1.6580497707331665,6.359812910352891,4.733914650861576,4.586338895887352,1
2.2,AC,AC,4,2000,0.0,0,0.0,0,0.0,0,1.7273558757359946,2.383195637734233,1.7273558757359946,6.360077593032427,5.196646379393444,4.533951380593136,1
2.6,AC,AC,4,2000,0.0,0,0.0,0,0.0,0,0.597267021229822,2.390738666071509,0.597267021229822,6.34799929852975,6.003287551861723,4.372477563530191,1
3.0,AC,AC,4,2000,0.0,0,0.0,0,0.0,0,0.0977279870494535,2.4003523718633155,0.0977279870494535,6.335861299793635,6.896702739284022,5.029173644223333,1
3.5,AC,AC,4,2000,0.0071428571428571,2,0.0,0,0.0071428571428571,2,-0.3068229552535606,2.4136153556326483,-0.3068229552535606,16.725190746763168,7.87700952566359,4.557455846087913,1
4.0,AC,AC,4,2000,0.0071428571428571,2,0.0,0,0.0071428571428571,2,-0.6521606758363302,2.4283411258433056,-0.6521606758363302,16.705489533032488,9.254637761518088,4.748815348200661,1
4.5,AC,AC,4,2000,0.0107142857142857,3,0.0,0,0.0107142857142857,3,-0.994720940589086,2.4446214125177623,-0.994720940589086,21.90491131120513,10.22455367024614,4.455801679253113,1
0.8,AC+CBF,AC+CBF,0,2000,0.0,0,0.0,0,0.0,0,2.497174628820309,5.254985194847643,2.497174628820309,6.801903983605016,2.5900491704454374,4.842858489736825,1
1.0,AC+CBF,AC+CBF,0,2000,0.0,0,0.0,0,0.0,0,1.956810382954635,5.467904085362456,1.956810382954635,6.76394911767529,3.20404484914235,4.874172187952806,1
1.3,AC+CBF,AC+CBF,0,2000,0.0,0,0.0,0,0.0,0,1.0992918890553427,5.879667272703718,1.0992918890553427,6.726393164551925,4.152855261987727,4.938074973828707,1
1.6,AC+CBF,AC+CBF,0,2000,0.0,0,0.0,0,0.0,0,0.340348859458589,6.16175850404608,0.340348859458589,6.718012218142255,5.38087194225819,4.908079886205418,1
2.0,AC+CBF,AC+CBF,0,2000,0.0035714285714285,1,0.0,0,0.0035714285714285,1,-0.5479689250594694,6.63381077484516,-0.5479689250594694,11.87281519952312,6.437360586596376,4.949531313673296,1
2.2,AC+CBF,AC+CBF,0,2000,0.0071428571428571,2,0.0,0,0.0071428571428571,2,-0.7429080665575973,6.856070038271403,-0.7429080665575973,17.06793055431045,7.033836767679544,4.945144084680014,1
2.6,AC+CBF,AC+CBF,0,2000,0.0107142857142857,3,0.0,0,0.0107142857142857,3,-0.8291596189548917,6.7627935117320686,-0.8291596189548917,22.23878881377676,8.165712421360377,4.842429895598855,1
3.0,AC+CBF,AC+CBF,0,2000,0.0107142857142857,3,0.0,0,0.0107142857142857,3,-1.2595484596629625,6.555918746958963,-1.2595484596629625,22.205282163353942,9.456268870171884,5.4658245472574425,1
3.5,AC+CBF,AC+CBF,0,2000,0.0107142857142857,3,0.0,0,0.0107142857142857,3,-1.4851843553639026,5.980935761258254,-1.4851843553639026,22.213252455827572,11.21624221728463,5.088889656426294,1
4.0,AC+CBF,AC+CBF,0,2000,0.0142857142857142,4,0.0,0,0.0142857142857142,4,-0.7261776463220376,6.404420956200012,-0.7261776463220376,27.35078672073838,12.710477410533066,5.086459075289008,1
4.5,AC+CBF,AC+CBF,0,2000,0.0107142857142857,3,0.0,0,0.0107142857142857,3,-1.037640733102134,4.787251339406171,-1.037640733102134,22.25862370713417,14.475171993328145,5.1738076692969965,1
0.8,AC+CBF,AC+CBF,1,2000,0.0,0,0.0,0,0.0,0,2.825654081697493,3.9482922523701856,2.825654081697493,6.973135451744581,1.729676750647029,4.502441163188626,1
1.0,AC+CBF,AC+CBF,1,2000,0.0,0,0.0,0,0.0,0,2.499671323664129,3.8854998183642655,2.499671323664129,6.983821776259807,2.1263858111827343,4.50206939127165,1
1.3,AC+CBF,AC+CBF,1,2000,0.0,0,0.0,0,0.0,0,2.03218053429097,3.573304864321372,2.03218053429097,7.027355937498887,2.8008171283764045,4.5056716520993865,1
1.6,AC+CBF,AC+CBF,1,2000,0.0,0,0.0,0,0.0,0,1.768364702633582,3.829234841898784,1.768364702633582,6.991680580978911,3.5196108303477835,4.549296824853196,1
2.0,AC+CBF,AC+CBF,1,2000,0.0,0,0.0,0,0.0,0,1.6440219386398145,3.691287675626665,1.6440219386398145,7.032897030868164,4.383726603840247,4.588243285209638,1
2.2,AC+CBF,AC+CBF,1,2000,0.0,0,0.0,0,0.0,0,1.002449299762331,2.9908009112917493,1.002449299762331,7.256757405566039,4.300334798815023,4.515848341507651,1
2.6,AC+CBF,AC+CBF,1,2000,0.0,0,0.0,0,0.0,0,0.8622828632505103,2.81323632899049,0.8622828632505103,7.361709800123584,5.064739436656217,4.587573293324346,1
3.0,AC+CBF,AC+CBF,1,2000,0.0,0,0.0,0,0.0,0,0.5754187984029102,2.675397256180814,0.5754187984029102,7.456283370732841,5.83032849505606,4.633780272141803,1
3.5,AC+CBF,AC+CBF,1,2000,0.0,0,0.0,0,0.0,0,0.3439351789027822,2.585580557499692,0.3439351789027822,7.592306829796838,6.7886533764522365,4.547354348258155,1
4.0,AC+CBF,AC+CBF,1,2000,0.0,0,0.0,0,0.0,0,0.2783726390451518,2.3405082450704637,0.2783726390451518,8.278728375603752,8.296777001971353,4.371391989646464,1
4.5,AC+CBF,AC+CBF,1,2000,0.0,0,0.0,0,0.0,0,0.3333102266790594,2.4004406230807045,0.3333102266790594,8.348451575726584,9.132644136806098,4.321923594563048,1
0.8,AC+CBF,AC+CBF,2,2000,0.0,0,0.0,0,0.0,0,2.3945774620861893,3.974672726672726,2.3945774620861893,7.071701350240381,1.8113991952298127,4.774288919079284,1
1.0,AC+CBF,AC+CBF,2,2000,0.0,0,0.0,0,0.0,0,2.1052331828958213,3.777051710876843,2.1052331828958213,7.070444077702853,2.235633754966818,4.750001063088296,1
1.3,AC+CBF,AC+CBF,2,2000,0.0,0,0.0,0,0.0,0,1.8931662204708792,3.7541496074975504,1.8931662204708792,7.120236491753452,2.9896068457902687,4.752438530683902,1
1.6,AC+CBF,AC+CBF,2,2000,0.0,0,0.0,0,0.0,0,0.5530902288559181,3.3218409157673072,0.5530902288559181,7.236092369840422,3.568745282590401,4.8998377463615945,1
2.0,AC+CBF,AC+CBF,2,2000,0.0,0,0.0,0,0.0,0,0.0419705053057245,3.256095350107705,0.0419705053057245,7.239777067860804,4.762291098754162,4.69142365280994,1
2.2,AC+CBF,AC+CBF,2,2000,0.0035714285714285,1,0.0,0,0.0035714285714285,1,-0.1583910430280027,3.1895799570461985,-0.1583910430280027,12.492807035972756,5.2253721424758615,4.767947201639686,1
2.6,AC+CBF,AC+CBF,2,2000,0.0035714285714285,1,0.0,0,0.0035714285714285,1,-0.3635928275082106,2.9919305430750414,-0.3635928275082106,12.592468166357875,6.1738475584314365,4.473772630332017,1
3.0,AC+CBF,AC+CBF,2,2000,0.0071428571428571,2,0.0,0,0.0071428571428571,2,-0.4257022036598751,2.7642381709674173,-0.4257022036598751,17.98474611917604,7.065426961562428,4.6247165627076585,1
3.5,AC+CBF,AC+CBF,2,2000,0.0107142857142857,3,0.0,0,0.0107142857142857,3,-0.6685586650853004,2.499235755961429,-0.6685586650853004,23.4759918483063,8.135454960258032,4.263374996528039,1
4.0,AC+CBF,AC+CBF,2,2000,0.0107142857142857,3,0.0,0,0.0107142857142857,3,-0.9101938594470436,2.491432664921425,-0.9101938594470436,23.658601372699007,9.226016122672132,4.619253748078122,1
4.5,AC+CBF,AC+CBF,2,2000,0.0107142857142857,3,0.0,0,0.0107142857142857,3,-1.0963780307249524,2.3569940907114644,-1.0963780307249524,23.98953366577562,10.18365038814986,4.525599816790047,1
0.8,AC+CBF,AC+CBF,3,2000,0.0,0,0.0,0,0.0,0,3.7284618415063946,3.930362209381197,3.7284618415063946,6.94311228226671,2.0964030226163404,5.334994498163964,1
1.0,AC+CBF,AC+CBF,3,2000,0.0,0,0.0,0,0.0,0,2.11196486056435,4.075249808449769,2.11196486056435,6.925841874187549,2.613810957244986,5.341398961797184,1
1.3,AC+CBF,AC+CBF,3,2000,0.0,0,0.0,0,0.0,0,1.7116614345107557,3.824643586128676,1.7116614345107557,6.975108218109133,3.4403353985521328,5.314802139127046,1
1.6,AC+CBF,AC+CBF,3,2000,0.0,0,0.0,0,0.0,0,1.5684884988124426,3.614308207959106,1.5684884988124426,6.981468853325493,4.195889062716972,5.347707853599185,1
2.0,AC+CBF,AC+CBF,3,2000,0.0,0,0.0,0,0.0,0,2.0995244702871343,3.3793728777731977,2.0995244702871343,7.036857199504711,4.989353421151401,5.364544131162983,1
2.2,AC+CBF,AC+CBF,3,2000,0.0,0,0.0,0,0.0,0,1.7385195831873452,2.8057536453922087,1.7385195831873452,7.310028002309411,5.684112281256038,5.264671560197814,1
2.6,AC+CBF,AC+CBF,3,2000,0.0,0,0.0,0,0.0,0,1.6478075581417757,3.0175044091423047,1.6478075581417757,7.191670305573874,6.819361245147057,5.318716147180649,1
3.0,AC+CBF,AC+CBF,3,2000,0.0,0,0.0,0,0.0,0,1.600311681065414,2.5552072159240184,1.600311681065414,7.550810862298588,8.221500351056148,5.486073700156552,1
3.5,AC+CBF,AC+CBF,3,2000,0.0,0,0.0,0,0.0,0,0.8550007201484883,2.5906244344663625,0.8550007201484883,7.4375347998254755,9.12202061810203,5.191100981827325,1
4.0,AC+CBF,AC+CBF,3,2000,0.0,0,0.0,0,0.0,0,0.6054206204954976,2.389962778760537,0.6054206204954976,7.660069662184214,10.385788903031845,5.493683807912073,1
4.5,AC+CBF,AC+CBF,3,2000,0.0071428571428571,2,0.0,0,0.0071428571428571,2,-0.5088736677400368,2.394228479768992,-0.5088736677400368,18.31192475101309,11.63995772296712,5.195501836263301,1
0.8,AC+CBF,AC+CBF,4,2000,0.0,0,0.0,0,0.0,0,4.075062892411959,4.257672648839764,4.075062892411959,7.060427060992722,1.901712195384453,4.595035588139905,1
1.0,AC+CBF,AC+CBF,4,2000,0.0,0,0.0,0,0.0,0,3.7645138861797154,4.289185068528719,3.7645138861797154,7.005644385415441,2.3347561770018395,4.521382583676751,1
1.3,AC+CBF,AC+CBF,4,2000,0.0,0,0.0,0,0.0,0,3.390884488928428,4.239663744306631,3.390884488928428,7.00698265828239,3.001845803661798,4.528509597454333,1
1.6,AC+CBF,AC+CBF,4,2000,0.0,0,0.0,0,0.0,0,3.2685687135815824,3.904986408222147,3.2685687135815824,7.096940792489906,3.786720899357406,4.582635136586133,1
2.0,AC+CBF,AC+CBF,4,2000,0.0,0,0.0,0,0.0,0,2.952720356236357,3.674473907147227,2.952720356236357,7.105068598152719,4.733914650861576,4.445308607341326,1
2.2,AC+CBF,AC+CBF,4,2000,0.0,0,0.0,0,0.0,0,2.8365144509698488,3.647267852642802,2.8365144509698488,7.113111914100831,5.196646379393444,5.1662338231529725,1
2.6,AC+CBF,AC+CBF,4,2000,0.0,0,0.0,0,0.0,0,1.3089355102286817,3.695852178231565,1.3089355102286817,7.037799185856074,6.003287551861723,4.895640369552209,1
3.0,AC+CBF,AC+CBF,4,2000,0.0,0,0.0,0,0.0,0,1.027190850377313,3.670057342034419,1.027190850377313,7.0704916982315735,6.896702739284022,4.861633166796631,1
3.5,AC+CBF,AC+CBF,4,2000,0.0,0,0.0,0,0.0,0,0.6826609141989265,4.1681498496056095,0.6826609141989265,7.032701302981574,7.87700952566359,4.614007552161023,1
4.0,AC+CBF,AC+CBF,4,2000,0.0,0,0.0,0,0.0,0,0.4519918479681167,3.507802432763088,0.4519918479681167,7.111130460317142,9.254637761518088,5.078385003806843,1
4.5,AC+CBF,AC+CBF,4,2000,0.0,0,0.0,0,0.0,0,0.101820987643289,3.4124961647010315,0.101820987643289,7.132223830523915,10.22455367024614,4.96661587263846,1
0.8,AC+CBF+PER,AC+CBF+PER,0,2000,0.0,0,0.0,0,0.0,0,1.9160636632474497,5.253170234052705,1.9160636632474497,6.581031248859378,2.5900491704454374,4.849811353129775,1
1.0,AC+CBF+PER,AC+CBF+PER,0,2000,0.0,0,0.0,0,0.0,0,1.5071347264418362,5.468599784978521,1.5071347264418362,6.5182979703201305,3.20404484914235,4.896251182136558,1
1.3,AC+CBF+PER,AC+CBF+PER,0,2000,0.0,0,0.0,0,0.0,0,0.9099517034941024,5.883134318852703,0.9099517034941024,6.505137793623692,4.152855261987727,4.9576401458195525,1
1.6,AC+CBF+PER,AC+CBF+PER,0,2000,0.0,0,0.0,0,0.0,0,0.447557179988739,6.164880526177277,0.447557179988739,6.494463684531389,5.38087194225819,4.913704088363626,1
2.0,AC+CBF+PER,AC+CBF+PER,0,2000,0.0035714285714285,1,0.0,0,0.0035714285714285,1,-0.0096597152859867,6.405829608160152,-0.0096597152859867,11.632991498701845,6.437360586596376,4.871306435462321,1
2.2,AC+CBF+PER,AC+CBF+PER,0,2000,0.0035714285714285,1,0.0,0,0.0035714285714285,1,-0.2201113819324696,6.403320269045739,-0.2201113819324696,11.627004448045724,7.033836767679544,4.857861315305445,1
2.6,AC+CBF+PER,AC+CBF+PER,0,2000,0.0035714285714285,1,0.0,0,0.0035714285714285,1,-0.317546155775697,6.39337509647488,-0.317546155775697,11.611823804378634,8.165712421360377,4.85911676857949,1
3.0,AC+CBF+PER,AC+CBF+PER,0,2000,0.0107142857142857,3,0.0,0,0.0107142857142857,3,-0.7604606951097812,6.37958587798852,-0.7604606951097812,21.95401139632233,9.456268870171884,5.247184165908424,1
3.5,AC+CBF+PER,AC+CBF+PER,0,2000,0.0107142857142857,3,0.0,0,0.0107142857142857,3,-1.0479519778419406,6.158858816511771,-1.0479519778419406,21.96316097823057,11.21624221728463,5.477512363273489,1
4.0,AC+CBF+PER,AC+CBF+PER,0,2000,0.0142857142857142,4,0.0,0,0.0142857142857142,4,-0.4659502777327073,6.367012997296033,-0.4659502777327073,27.093585892243613,12.710477410533066,5.261703731538237,1
4.5,AC+CBF+PER,AC+CBF+PER,0,2000,0.0071428571428571,2,0.0,0,0.0071428571428571,2,-0.6309529996215257,6.364418816350431,-0.6309529996215257,16.67978966584602,14.475171993328145,4.986861845995383,1
0.8,AC+CBF+PER,AC+CBF+PER,1,2000,0.0,0,0.0,0,0.0,0,1.131397688988192,3.915023838680012,1.131397688988192,6.913242280274464,1.729676750647029,4.530599500409083,1
1.0,AC+CBF+PER,AC+CBF+PER,1,2000,0.0,0,0.0,0,0.0,0,0.8329632650763669,3.904048495660844,0.8329632650763669,6.924834588623088,2.1263858111827343,4.52619874687288,1
1.3,AC+CBF+PER,AC+CBF+PER,1,2000,0.0,0,0.0,0,0.0,0,0.397111082266291,3.5043479428212536,0.397111082266291,7.004957351328158,2.8008171283764045,4.45128813851932,1
1.6,AC+CBF+PER,AC+CBF+PER,1,2000,0.0035714285714285,1,0.0,0,0.0035714285714285,1,-0.0239206232820976,3.6533027903491098,-0.0239206232820976,12.138139905882086,3.5196108303477835,4.51615309537266,1
2.0,AC+CBF+PER,AC+CBF+PER,1,2000,0.0071428571428571,2,0.0,0,0.0071428571428571,2,-0.4600983512184714,3.4687068195643813,-0.4600983512184714,17.346847725944727,4.383726603840247,4.569325396774946,1
2.2,AC+CBF+PER,AC+CBF+PER,1,2000,0.0107142857142857,3,0.0,0,0.0107142857142857,3,-0.659818456371633,2.988442542894623,-0.659818456371633,22.77229392691526,4.300334798815023,4.591581220860073,1
2.6,AC+CBF+PER,AC+CBF+PER,1,2000,0.0142857142857142,4,0.0,0,0.0142857142857142,4,-1.1044155151355843,2.8070132445110167,-1.1044155151355843,28.03418830497993,5.064739436656217,4.60426404754173,1
3.0,AC+CBF+PER,AC+CBF+PER,1,2000,0.0178571428571428,5,0.0,0,0.0178571428571428,5,-1.5189653460273331,2.7594987092683403,-1.5189653460273331,33.35648119053735,5.83032849505606,4.592184831540936,1
3.5,AC+CBF+PER,AC+CBF+PER,1,2000,0.0178571428571428,5,0.0,0,0.0178571428571428,5,-1.7303039890699992,2.5916516071716216,-1.7303039890699992,33.47200705449314,6.7886533764522365,4.550804277148308,1
4.0,AC+CBF+PER,AC+CBF+PER,1,2000,0.0178571428571428,5,0.0,0,0.0178571428571428,5,-1.8061939265654328,2.357281104487599,-1.8061939265654328,34.16817575585148,8.296777001971353,4.331077941678512,1
4.5,AC+CBF+PER,AC+CBF+PER,1,2000,0.0178571428571428,5,0.0,0,0.0178571428571428,5,-1.889212911432084,2.45576853209826,-1.889212911432084,34.18483792787613,9.132644136806098,4.32445199208383,1
0.8,AC+CBF+PER,AC+CBF+PER,2,2000,0.0,0,0.0,0,0.0,0,3.1123174413047376,3.941719015060843,3.1123174413047376,6.6873443648160285,1.8113991952298127,4.8033542022192135,1
1.0,AC+CBF+PER,AC+CBF+PER,2,2000,0.0,0,0.0,0,0.0,0,2.881704709042252,3.918899884806606,2.881704709042252,6.699704740190644,2.235633754966818,4.798574053240605,1
1.3,AC+CBF+PER,AC+CBF+PER,2,2000,0.0,0,0.0,0,0.0,0,3.244713239753891,3.6630468182600544,3.244713239753891,6.764127691688267,2.9896068457902687,4.769886826713781,1
1.6,AC+CBF+PER,AC+CBF+PER,2,2000,0.0,0,0.0,0,0.0,0,2.388004877021574,3.315979844099531,2.388004877021574,6.844305688272696,3.568745282590401,4.856784672619885,1
2.0,AC+CBF+PER,AC+CBF+PER,2,2000,0.0,0,0.0,0,0.0,0,2.1078985946822835,3.178335026655896,2.1078985946822835,6.888040359359216,4.762291098754162,4.655765584531924,1
2.2,AC+CBF+PER,AC+CBF+PER,2,2000,0.0,0,0.0,0,0.0,0,1.983031164051963,3.1697060334762965,1.983031164051963,6.947632730258958,5.2253721424758615,4.629008479992494,1
2.6,AC+CBF+PER,AC+CBF+PER,2,2000,0.0,0,0.0,0,0.0,0,1.764644698976073,2.9591263283989004,1.764644698976073,7.064602011593308,6.1738475584314365,4.802541485710584,1
3.0,AC+CBF+PER,AC+CBF+PER,2,2000,0.0,0,0.0,0,0.0,0,1.5844437476692037,2.793547431642554,1.5844437476692037,7.243462852223959,7.065426961562428,4.602500135446075,1
3.5,AC+CBF+PER,AC+CBF+PER,2,2000,0.0,0,0.0,0,0.0,0,1.344670004867274,2.5384267106472373,1.344670004867274,7.602135429429509,8.135454960258032,4.353101217662127,1
4.0,AC+CBF+PER,AC+CBF+PER,2,2000,0.0,0,0.0,0,0.0,0,0.520162928397655,2.4466440639504343,0.520162928397655,7.792647807155189,9.226016122672132,4.293868853352654,1
4.5,AC+CBF+PER,AC+CBF+PER,2,2000,0.0,0,0.0,0,0.0,0,0.1252593467881896,2.325733140071609,0.1252593467881896,8.167905559679648,10.18365038814986,4.552644623769048,1
0.8,AC+CBF+PER,AC+CBF+PER,3,2000,0.0,0,0.0,0,0.0,0,2.6593823229428133,3.9054256372458074,2.6593823229428133,6.734903902687596,2.0964030226163404,5.313313768564202,1
1.0,AC+CBF+PER,AC+CBF+PER,3,2000,0.0,0,0.0,0,0.0,0,2.0360375118988223,3.940197243266799,2.0360375118988223,6.711108869584196,2.613810957244986,5.344461340324271,1
1.3,AC+CBF+PER,AC+CBF+PER,3,2000,0.0,0,0.0,0,0.0,0,1.6428875218873569,3.811646108239144,1.6428875218873569,6.752631212536602,3.4403353985521328,5.318651219021816,1
1.6,AC+CBF+PER,AC+CBF+PER,3,2000,0.0,0,0.0,0,0.0,0,1.7241207274264758,3.608540109334049,1.7241207274264758,6.775978107730018,4.195889062716972,5.336015078294085,1
2.0,AC+CBF+PER,AC+CBF+PER,3,2000,0.0,0,0.0,0,0.0,0,1.3669831580908232,3.3851211023498333,1.3669831580908232,6.825943378771837,4.989353421151401,5.354554914351817,1
2.2,AC+CBF+PER,AC+CBF+PER,3,2000,0.0,0,0.0,0,0.0,0,1.529193749468449,2.820536588576475,1.529193749468449,7.112975032917147,5.684112281256038,5.240851787731437,1
2.6,AC+CBF+PER,AC+CBF+PER,3,2000,0.0,0,0.0,0,0.0,0,1.1775031337671078,2.9748914891046723,1.1775031337671078,6.949665702630882,6.819361245147057,5.358914281321479,1
3.0,AC+CBF+PER,AC+CBF+PER,3,2000,0.0,0,0.0,0,0.0,0,1.1567464309965747,2.505020444233377,1.1567464309965747,7.321309402031773,8.221500351056148,5.41206989251005,1
3.5,AC+CBF+PER,AC+CBF+PER,3,2000,0.0,0,0.0,0,0.0,0,0.5256012806824834,2.649387448933973,0.5256012806824834,7.202863252955223,9.12202061810203,4.984339791903221,1
4.0,AC+CBF+PER,AC+CBF+PER,3,2000,0.0,0,0.0,0,0.0,0,0.2098029372499116,2.404252156654321,0.2098029372499116,7.42946504873306,10.385788903031845,5.309141003328498,1
4.5,AC+CBF+PER,AC+CBF+PER,3,2000,0.0107142857142857,3,0.0,0,0.0107142857142857,3,-0.4222683013947265,2.347347105254441,-0.4222683013947265,23.37187399877424,11.63995772296712,5.185017370935814,1
0.8,AC+CBF+PER,AC+CBF+PER,4,2000,0.0,0,0.0,0,0.0,0,3.369783652479261,4.273222223947984,3.369783652479261,6.633581497919171,1.901712195384453,5.166478694484964,1
1.0,AC+CBF+PER,AC+CBF+PER,4,2000,0.0,0,0.0,0,0.0,0,3.174095724806936,4.491668597751949,3.174095724806936,6.619349855618829,2.3347561770018395,4.882644432192066,1
1.3,AC+CBF+PER,AC+CBF+PER,4,2000,0.0,0,0.0,0,0.0,0,2.8944567077466123,4.627777351651566,2.8944567077466123,6.600269953384748,3.001845803661798,4.8078833676790085,1
1.6,AC+CBF+PER,AC+CBF+PER,4,2000,0.0,0,0.0,0,0.0,0,3.057618486679792,3.862618406545751,3.057618486679792,6.738521207951672,3.786720899357406,4.957340272380726,1
2.0,AC+CBF+PER,AC+CBF+PER,4,2000,0.0,0,0.0,0,0.0,0,2.6901619231555234,3.755016911826584,2.6901619231555234,6.758375068296795,4.733914650861576,5.00451077379295,1
2.2,AC+CBF+PER,AC+CBF+PER,4,2000,0.0,0,0.0,0,0.0,0,2.5023980572532216,3.7034308614820737,2.5023980572532216,6.765902611556148,5.196646379393444,4.992454069076156,1
2.6,AC+CBF+PER,AC+CBF+PER,4,2000,0.0,0,0.0,0,0.0,0,1.5534027458944275,3.698385920988048,1.5534027458944275,6.712263007337034,6.003287551861723,4.87307419280554,1
3.0,AC+CBF+PER,AC+CBF+PER,4,2000,0.0,0,0.0,0,0.0,0,1.2749274001873534,3.706817775762752,1.2749274001873534,6.704183590037346,6.896702739284022,4.721526316209483,1
3.5,AC+CBF+PER,AC+CBF+PER,4,2000,0.0,0,0.0,0,0.0,0,0.9036871185289148,4.030886371743828,0.9036871185289148,6.703232132600002,7.87700952566359,4.6099180935957165,1
4.0,AC+CBF+PER,AC+CBF+PER,4,2000,0.0,0,0.0,0,0.0,0,0.6131907542540171,3.437160996631053,0.6131907542540171,6.731535461494347,9.254637761518088,4.559718357766461,1
4.5,AC+CBF+PER,AC+CBF+PER,4,2000,0.0,0,0.0,0,0.0,0,0.3263895517491927,3.3639048056702507,0.3263895517491927,6.749178959915268,10.22455367024614,4.509957710368601,1
0.8,AC+CBF+UE,AC+CBF+UE,0,2000,0.0,0,0.0,0,0.0,0,4.589767735044878,4.784206370471758,4.589767735044878,6.917235516643283,2.3545403104184,4.862666417407109,1
1.0,AC+CBF+UE,AC+CBF+UE,0,2000,0.0,0,0.0,0,0.0,0,4.66103978632906,4.876160181072489,4.66103978632906,6.901155551818401,2.903582473199254,4.853368910980296,1
1.3,AC+CBF+UE,AC+CBF+UE,0,2000,0.0,0,0.0,0,0.0,0,4.56961501534521,4.962708898988469,4.56961501534521,6.899731759944449,3.7297584234208654,4.893877359866756,1
1.6,AC+CBF+UE,AC+CBF+UE,0,2000,0.0,0,0.0,0,0.0,0,4.397422072087196,5.012075939856065,4.397422072087196,6.920980866642093,4.845109245477369,4.86984801550606,1
2.0,AC+CBF+UE,AC+CBF+UE,0,2000,0.0,0,0.0,0,0.0,0,4.290631572850567,5.280671436016414,4.290631572850567,6.870753624125911,5.468295761750752,4.891999771433087,1
2.2,AC+CBF+UE,AC+CBF+UE,0,2000,0.0,0,0.0,0,0.0,0,4.195431458673612,5.419292939830134,4.195431458673612,6.865103272793925,5.878322354002536,4.885257367307587,1
2.6,AC+CBF+UE,AC+CBF+UE,0,2000,0.0,0,0.0,0,0.0,0,3.605939101043856,6.113550862166942,3.605939101043856,6.834993485361699,6.77932224546577,4.8653449016831365,1
3.0,AC+CBF+UE,AC+CBF+UE,0,2000,0.0,0,0.0,0,0.0,0,2.952177893488389,6.888416197296799,2.952177893488389,6.770792684557906,7.554343496805789,4.894743316226826,1
3.5,AC+CBF+UE,AC+CBF+UE,0,2000,0.0,0,0.0,0,0.0,0,2.562037374851048,7.134788180919259,2.562037374851048,6.75827537211452,8.680530283887986,4.914958873964928,1
4.0,AC+CBF+UE,AC+CBF+UE,0,2000,0.0,0,0.0,0,0.0,0,1.4929832420418985,7.110674204213644,1.4929832420418985,6.729189574848678,9.73451230057078,4.829504549435793,1
4.5,AC+CBF+UE,AC+CBF+UE,0,2000,0.0,0,0.0,0,0.0,0,2.587181533916896,6.985834845286336,2.587181533916896,6.763535053009241,10.540969299453533,4.764374040520821,1
0.8,AC+CBF+UE,AC+CBF+UE,1,2000,0.0,0,0.0,0,0.0,0,3.6439703460271895,3.6439703460271895,5.692783384817307,7.117921681704007,1.4692149136334975,4.5203660069730045,1
1.0,AC+CBF+UE,AC+CBF+UE,1,2000,0.0,0,0.0,0,0.0,0,3.579854188011784,3.579854188011784,5.766773728452629,7.139602784603319,1.803921203080607,4.518113930694068,1
1.3,AC+CBF+UE,AC+CBF+UE,1,2000,0.0,0,0.0,0,0.0,0,3.1588412723680515,3.1588412723680515,5.908610367853995,7.300878494218655,2.30853622277707,4.508326324414865,1
1.6,AC+CBF+UE,AC+CBF+UE,1,2000,0.0,0,0.0,0,0.0,0,3.13938192541319,3.13938192541319,6.312430348765627,7.327155767471332,2.779402271820764,4.461004098492081,1
2.0,AC+CBF+UE,AC+CBF+UE,1,2000,0.0,0,0.0,0,0.0,0,2.922401781424436,2.922401781424436,6.791033635320695,7.459909041690068,3.3142127945944067,4.438612287335028,1
2.2,AC+CBF+UE,AC+CBF+UE,1,2000,0.0,0,0.0,0,0.0,0,2.6892526692372214,2.6892526692372214,6.783713647029718,7.637174306437919,3.4322142375290707,4.513383600722057,1
2.6,AC+CBF+UE,AC+CBF+UE,1,2000,0.0,0,0.0,0,0.0,0,2.5208751662001454,2.5208751662001454,7.02418199346751,7.83926901865669,3.968809559673728,4.481346019299108,1
3.0,AC+CBF+UE,AC+CBF+UE,1,2000,0.0,0,0.0,0,0.0,0,2.420395587386695,2.420395587386695,7.238166897021589,8.16786238355784,4.492937867414349,4.41779777761854,1
3.5,AC+CBF+UE,AC+CBF+UE,1,2000,0.0,0,0.0,0,0.0,0,2.255151515116685,2.255151515116685,6.888663752555507,9.66594015627884,5.134690787681826,5.087648914110211,1
4.0,AC+CBF+UE,AC+CBF+UE,1,2000,0.0,0,0.0,0,0.0,0,2.064393864577648,2.064393864577648,7.5472946480811824,10.227431128459909,5.979293260189071,5.116246830942116,1
4.5,AC+CBF+UE,AC+CBF+UE,1,2000,0.0,0,0.0,0,0.0,0,1.883825612435433,1.883825612435433,6.752232224169191,15.08039618698574,6.682444862852005,88.68201594392893,0
0.8,AC+CBF+UE,AC+CBF+UE,2,2000,0.0,0,0.0,0,0.0,0,3.779753442927379,3.779753442927379,4.911147749496292,7.0853684553928815,1.56326372102581,4.843851793368294,1
1.0,AC+CBF+UE,AC+CBF+UE,2,2000,0.0,0,0.0,0,0.0,0,3.714464661078401,3.714464661078401,5.018261953481412,7.137063768003849,1.9314531604469736,4.857194355764559,1
1.3,AC+CBF+UE,AC+CBF+UE,2,2000,0.0,0,0.0,0,0.0,0,3.3575985695490167,3.3575985695490167,5.197316905815804,7.245799036798384,2.5755782393200093,4.9026687977943775,1
1.6,AC+CBF+UE,AC+CBF+UE,2,2000,0.0,0,0.0,0,0.0,0,2.858897705840882,2.858897705840882,5.77094586656505,7.691428032395886,2.9159694418997786,4.312079709570261,1
2.0,AC+CBF+UE,AC+CBF+UE,2,2000,0.0,0,0.0,0,0.0,0,2.854826241017153,2.854826241017153,5.742024087178383,7.61989929438816,3.827975715083241,4.183324979414628,1
2.2,AC+CBF+UE,AC+CBF+UE,2,2000,0.0,0,0.0,0,0.0,0,2.7528029921298685,2.7528029921298685,5.730509293728014,7.726045123014177,4.163276463935501,4.3333298669032745,1
2.6,AC+CBF+UE,AC+CBF+UE,2,2000,0.0,0,0.0,0,0.0,0,2.4032958022484867,2.4032958022484867,5.701701178172458,7.988931536216975,4.851579958463926,4.471942135654284,1
3.0,AC+CBF+UE,AC+CBF+UE,2,2000,0.0,0,0.0,0,0.0,0,2.17550042548558,2.17550042548558,5.622369466568566,9.002909912452896,5.44124898048742,4.4071924086116905,1
3.5,AC+CBF+UE,AC+CBF+UE,2,2000,0.0,0,0.0,0,0.0,0,2.2009713114672285,2.2009713114672285,5.575217042165551,8.908086987987321,6.242135477752941,4.41949008988497,1
4.0,AC+CBF+UE,AC+CBF+UE,2,2000,0.0,0,0.0,0,0.0,0,2.2166948619448594,2.2166948619448594,5.531023713259484,9.185774164379788,6.98812168216119,4.357908511483031,1
4.5,AC+CBF+UE,AC+CBF+UE,2,2000,0.0,0,0.0,0,0.0,0,2.249259450922994,2.249259450922994,5.488388567638486,9.936602991948726,7.816089180979692,4.145978319757885,1
0.8,AC+CBF+UE,AC+CBF+UE,3,2000,0.0,0,0.0,0,0.0,0,3.6175574175569296,3.6175574175569296,5.519920893071989,7.041892213968925,1.899377186514079,5.306704698044666,1
1.0,AC+CBF+UE,AC+CBF+UE,3,2000,0.0,0,0.0,0,0.0,0,3.768433459442294,3.768433459442294,5.405394546566589,7.03673974343404,2.349793315509992,5.3127477388550055,1
1.3,AC+CBF+UE,AC+CBF+UE,3,2000,0.0,0,0.0,0,0.0,0,3.5283450481047445,3.5283450481047445,4.994667346561038,7.078450192749256,3.04860389101884,5.31431804729091,1
1.6,AC+CBF+UE,AC+CBF+UE,3,2000,0.0,0,0.0,0,0.0,0,3.3336344448440607,3.3336344448440607,4.69375237445982,7.142493699655061,3.650723129678255,5.307475187461152,1
2.0,AC+CBF+UE,AC+CBF+UE,3,2000,0.0,0,0.0,0,0.0,0,3.033629924681679,3.033629924681679,4.1525726473095,7.201709519217201,4.294166112342528,5.349342679679155,1
2.2,AC+CBF+UE,AC+CBF+UE,3,2000,0.0,0,0.0,0,0.0,0,2.4373376747463187,2.4373376747463187,4.239679404954994,7.7043265135598675,4.616067272619879,5.322316930654187,1
2.6,AC+CBF+UE,AC+CBF+UE,3,2000,0.0,0,0.0,0,0.0,0,2.483650506387261,2.483650506387261,3.1417480173355883,7.597148800875238,5.521723374178503,5.162933520388215,1
3.0,AC+CBF+UE,AC+CBF+UE,3,2000,0.0,0,0.0,0,0.0,0,2.265039082861467,2.265039082861467,3.298222943908982,8.360917025293855,6.106860679856817,5.303687706148512,1
3.5,AC+CBF+UE,AC+CBF+UE,3,2000,0.0,0,0.0,0,0.0,0,2.234695326522612,2.2639680995933413,2.234695326522612,8.315290361169097,7.00336494264416,5.204099758589105,1
4.0,AC+CBF+UE,AC+CBF+UE,3,2000,0.0,0,0.0,0,0.0,0,1.8764216783114267,2.105320516386347,1.8764216783114267,9.218142419533049,7.779464039162794,5.438720760808307,1
4.5,AC+CBF+UE,AC+CBF+UE,3,2000,0.0,0,0.0,0,0.0,0,1.716886869114631,2.03610447544548,1.716886869114631,10.276675487890593,8.773276585140664,4.829441701401279,1
0.8,AC+CBF+UE,AC+CBF+UE,4,2000,0.0,0,0.0,0,0.0,0,3.8877973731233855,3.8877973731233855,5.262134423351547,7.03724395991311,1.6053086736156683,4.511244122674964,1
1.0,AC+CBF+UE,AC+CBF+UE,4,2000,0.0,0,0.0,0,0.0,0,3.779644707918131,3.779644707918131,5.450876477043715,7.085041851843405,1.959254474209018,4.539783506485026,1
1.3,AC+CBF+UE,AC+CBF+UE,4,2000,0.0,0,0.0,0,0.0,0,3.714642962707362,3.714642962707362,5.212419144236649,7.122947230082093,2.486475070331658,4.545021938184667,1
1.6,AC+CBF+UE,AC+CBF+UE,4,2000,0.0,0,0.0,0,0.0,0,3.3276821589656307,3.3276821589656307,5.766765902109236,7.274965311579455,3.218716356344361,4.608959652063736,1
2.0,AC+CBF+UE,AC+CBF+UE,4,2000,0.0,0,0.0,0,0.0,0,3.216735034446108,3.216735034446108,5.814147980353165,7.322193932314701,3.666157641593627,4.59778579811476,1
2.2,AC+CBF+UE,AC+CBF+UE,4,2000,0.0,0,0.0,0,0.0,0,3.2171957920187704,3.2171957920187704,6.155389937332606,7.401591403214668,3.92366200155449,4.698348334127357,1
2.6,AC+CBF+UE,AC+CBF+UE,4,2000,0.0,0,0.0,0,0.0,0,3.1088992879480557,3.1088992879480557,5.530987194612624,7.304279725168273,4.8154270597429125,4.911222421269136,1
3.0,AC+CBF+UE,AC+CBF+UE,4,2000,0.0,0,0.0,0,0.0,0,3.0958242887217406,3.0958242887217406,5.117671581661884,7.377188133307329,5.353026419638413,4.486683993332404,1
3.5,AC+CBF+UE,AC+CBF+UE,4,2000,0.0,0,0.0,0,0.0,0,3.113000103165056,3.113000103165056,5.012021714610815,7.418845856254522,5.900949052060799,4.563650428503621,1
4.0,AC+CBF+UE,AC+CBF+UE,4,2000,0.0,0,0.0,0,0.0,0,2.8607821618032463,2.8607821618032463,5.170791571720682,7.544075413174652,6.297229727644886,4.659304829639252,1
4.5,AC+CBF+UE,AC+CBF+UE,4,2000,0.0,0,0.0,0,0.0,0,2.7941625565365418,2.7941625565365418,4.781303331546452,7.618489582340039,6.85006139374342,4.701003930429013,1
0.8,AC+CBF+AER,AC+CBF+AER,0,2000,0.0,0,0.0,0,0.0,0,3.549872080819055,5.402823795500611,3.549872080819055,6.671660822015564,2.5900491704454374,4.839805262061657,1
1.0,AC+CBF+AER,AC+CBF+AER,0,2000,0.0,0,0.0,0,0.0,0,2.9088315538886382,5.569749932568316,2.9088315538886382,6.659817771326577,3.20404484914235,4.854577200385681,1
1.3,AC+CBF+AER,AC+CBF+AER,0,2000,0.0,0,0.0,0,0.0,0,2.1920777411241628,5.918042192562548,2.1920777411241628,6.63100753540309,4.152855261987727,4.872858785899115,1
1.6,AC+CBF+AER,AC+CBF+AER,0,2000,0.0,0,0.0,0,0.0,0,1.7858400521588935,6.211971149768167,1.7858400521588935,6.589659809685252,5.38087194225819,4.8113873951683175,1
2.0,AC+CBF+AER,AC+CBF+AER,0,2000,0.0,0,0.0,0,0.0,0,1.3603057881062364,6.706577544226754,1.3603057881062364,6.580404700918181,6.437360586596376,4.842387873444204,1
2.2,AC+CBF+AER,AC+CBF+AER,0,2000,0.0,0,0.0,0,0.0,0,1.1730372181512654,6.962073462421661,1.1730372181512654,6.575484413094231,7.033836767679544,4.829798362488374,1
2.6,AC+CBF+AER,AC+CBF+AER,0,2000,0.0,0,0.0,0,0.0,0,1.0421114607752608,6.839595507823254,1.0421114607752608,6.532091913476703,8.165712421360377,5.460865811315867,1
3.0,AC+CBF+AER,AC+CBF+AER,0,2000,0.0,0,0.0,0,0.0,0,0.6808511227680225,6.689290867544635,0.6808511227680225,6.499621554317123,9.456268870171884,5.207688515699689,1
3.5,AC+CBF+AER,AC+CBF+AER,0,2000,0.0,0,0.0,0,0.0,0,0.318078469314248,6.136647200324709,0.318078469314248,6.506867811407082,11.21624221728463,5.510670355542285,1
4.0,AC+CBF+AER,AC+CBF+AER,0,2000,0.0107142857142857,3,0.0,0,0.0107142857142857,3,-0.4373226082589443,7.1929341406424765,-0.4373226082589443,21.99771399706743,12.710477410533066,4.918590579067934,1
4.5,AC+CBF+AER,AC+CBF+AER,0,2000,0.0,0,0.0,0,0.0,0,0.2128381947846147,7.399675441940954,0.2128381947846147,6.381100301749621,14.475171993328145,5.358165327578357,1
0.8,AC+CBF+AER,AC+CBF+AER,1,2000,0.0,0,0.0,0,0.0,0,4.013473793020153,4.013473793020153,4.501435846922086,6.885258239640654,1.729676750647029,4.461305075914652,1
1.0,AC+CBF+AER,AC+CBF+AER,1,2000,0.0,0,0.0,0,0.0,0,3.7563252903017736,3.7563252903017736,4.330844271598036,6.93077045910903,2.1263858111827343,4.485304614237545,1
1.3,AC+CBF+AER,AC+CBF+AER,1,2000,0.0,0,0.0,0,0.0,0,3.671438668003905,3.671438668003905,4.082689886853963,6.942596410245146,2.8008171283764045,4.507516859030137,1
1.6,AC+CBF+AER,AC+CBF+AER,1,2000,0.0,0,0.0,0,0.0,0,3.796675692983589,3.796675692983589,3.844255909973632,6.945060086145284,3.5196108303477835,4.540114078672851,1
2.0,AC+CBF+AER,AC+CBF+AER,1,2000,0.0,0,0.0,0,0.0,0,3.542046843642013,3.625860920505189,3.542046843642013,6.996644722779842,4.383726603840247,4.575578804381355,1
2.2,AC+CBF+AER,AC+CBF+AER,1,2000,0.0,0,0.0,0,0.0,0,2.3388877946072224,3.026845517756274,2.3388877946072224,7.142123586425059,4.300334798815023,4.472002878463552,1
2.6,AC+CBF+AER,AC+CBF+AER,1,2000,0.0,0,0.0,0,0.0,0,2.1337271869319494,2.799052296838136,2.1337271869319494,7.2697653487814335,5.064739436656217,4.530009763327488,1
3.0,AC+CBF+AER,AC+CBF+AER,1,2000,0.0,0,0.0,0,0.0,0,1.9504736184848603,2.6421342502343985,1.9504736184848603,7.405428635491849,5.83032849505606,4.632093512941158,1
3.5,AC+CBF+AER,AC+CBF+AER,1,2000,0.0,0,0.0,0,0.0,0,1.7516592678395004,2.561142364548412,1.7516592678395004,7.556066324226606,6.7886533764522365,4.5471758516287615,1
4.0,AC+CBF+AER,AC+CBF+AER,1,2000,0.0,0,0.0,0,0.0,0,1.7117578298925324,2.332865038586987,1.7117578298925324,8.240666107420854,8.296777001971353,4.374867998018997,1
4.5,AC+CBF+AER,AC+CBF+AER,1,2000,0.0,0,0.0,0,0.0,0,1.024574087869995,2.4102905925249134,1.024574087869995,8.264606731953796,9.132644136806098,4.31741123649868,1
0.8,AC+CBF+AER,AC+CBF+AER,2,2000,0.0,0,0.0,0,0.0,0,3.9375261490564513,3.9375261490564513,4.166092154489168,6.871044578762023,1.8113991952298127,4.772849888300336,1
1.0,AC+CBF+AER,AC+CBF+AER,2,2000,0.0,0,0.0,0,0.0,0,3.846646710817528,3.846646710817528,3.989745156769697,6.913725507539615,2.235633754966818,4.7557505334234085,1
1.3,AC+CBF+AER,AC+CBF+AER,2,2000,0.0,0,0.0,0,0.0,0,3.613236868768879,3.613236868768879,4.661960883262903,6.985179286094382,2.9896068457902687,4.729415458795274,1
1.6,AC+CBF+AER,AC+CBF+AER,2,2000,0.0,0,0.0,0,0.0,0,3.4043661842158706,3.4043661842158706,3.988166544872712,7.060469775670429,3.568745282590401,4.782091768314077,1
2.0,AC+CBF+AER,AC+CBF+AER,2,2000,0.0,0,0.0,0,0.0,0,3.2737383575879053,3.2737383575879053,3.7471437192530983,7.112665433971267,4.762291098754162,4.604606890075878,1
2.2,AC+CBF+AER,AC+CBF+AER,2,2000,0.0,0,0.0,0,0.0,0,3.1455337091740114,3.1455337091740114,3.642206006529103,7.170709928970456,5.2253721424758615,4.576884148585507,1
2.6,AC+CBF+AER,AC+CBF+AER,2,2000,0.0,0,0.0,0,0.0,0,2.9384542458679523,2.9384542458679523,3.4620216608747563,7.250538543978556,6.1738475584314365,4.287797200896213,1
3.0,AC+CBF+AER,AC+CBF+AER,2,2000,0.0,0,0.0,0,0.0,0,2.781307029815108,2.781307029815108,3.5949263732100305,7.468024731685084,7.065426961562428,4.5502405285873415,1
3.5,AC+CBF+AER,AC+CBF+AER,2,2000,0.0,0,0.0,0,0.0,0,2.5170150543370045,2.5170150543370045,3.392193554831502,7.7952834124528,8.135454960258032,4.295081924396701,1
4.0,AC+CBF+AER,AC+CBF+AER,2,2000,0.0,0,0.0,0,0.0,0,0.3815788250626756,2.4649426155661485,0.3815788250626756,8.01480518867101,9.226016122672132,4.605050252074953,1
4.5,AC+CBF+AER,AC+CBF+AER,2,2000,0.0,0,0.0,0,0.0,0,0.1254110456292118,2.325563743104611,0.1254110456292118,8.408498368752559,10.18365038814986,4.512148514291478,1
0.8,AC+CBF+AER,AC+CBF+AER,3,2000,0.0,0,0.0,0,0.0,0,3.803348369952855,3.803348369952855,5.128908473942115,6.886598647946978,2.0964030226163404,5.293392203188846,1
1.0,AC+CBF+AER,AC+CBF+AER,3,2000,0.0,0,0.0,0,0.0,0,4.0548947177347285,4.0548947177347285,5.01096712044235,6.847107728406486,2.613810957244986,5.301404852784362,1
1.3,AC+CBF+AER,AC+CBF+AER,3,2000,0.0,0,0.0,0,0.0,0,3.854598533873746,3.854598533873746,4.625061701968855,6.891054514149101,3.4403353985521328,5.298648799743656,1
1.6,AC+CBF+AER,AC+CBF+AER,3,2000,0.0,0,0.0,0,0.0,0,3.556427641816087,3.556427641816087,4.201941237731596,6.909884065069224,4.195889062716972,5.317281296193876,1
2.0,AC+CBF+AER,AC+CBF+AER,3,2000,0.0,0,0.0,0,0.0,0,3.3906257120481627,3.3906257120481627,3.636051527575885,6.9654030056534255,4.989353421151401,5.356138467666169,1
2.2,AC+CBF+AER,AC+CBF+AER,3,2000,0.0,0,0.0,0,0.0,0,2.8319396701748905,2.8319396701748905,3.308312508375049,7.273246827201373,5.684112281256038,5.212652156774676,1
2.6,AC+CBF+AER,AC+CBF+AER,3,2000,0.0,0,0.0,0,0.0,0,2.216368191752796,2.9648092936156054,2.216368191752796,7.139166349148882,6.819361245147057,4.855639263456297,1
3.0,AC+CBF+AER,AC+CBF+AER,3,2000,0.0,0,0.0,0,0.0,0,2.336271540872276,2.510251296822799,2.336271540872276,7.516505517423708,8.221500351056148,5.367085540135951,1
3.5,AC+CBF+AER,AC+CBF+AER,3,2000,0.0,0,0.0,0,0.0,0,1.5569773551065786,2.6262443762883696,1.5569773551065786,7.359860056897707,9.12202061810203,4.854714001854934,1
4.0,AC+CBF+AER,AC+CBF+AER,3,2000,0.0,0,0.0,0,0.0,0,1.0969976285422374,2.40847739456648,1.0969976285422374,7.580063444430041,10.385788903031845,5.277014550399271,1
4.5,AC+CBF+AER,AC+CBF+AER,3,2000,0.0071428571428571,2,0.0,0,0.0071428571428571,2,-0.4351056330328395,2.351197549590825,-0.4351056330328395,18.31544050039053,11.63995772296712,4.777461885724061,1
0.8,AC+CBF+AER,AC+CBF+AER,4,2000,0.0,0,0.0,0,0.0,0,4.4913662569134125,4.4913662569134125,4.639490935275939,6.682507316920441,1.901712195384453,4.718696546723879,1
1.0,AC+CBF+AER,AC+CBF+AER,4,2000,0.0,0,0.0,0,0.0,0,4.44593151120411,4.768910958261865,4.44593151120411,6.63646473417558,2.3347561770018395,4.640225812967982,1
1.3,AC+CBF+AER,AC+CBF+AER,4,2000,0.0,0,0.0,0,0.0,0,4.2963606341203135,4.748761945670724,4.2963606341203135,6.632198560724978,3.001845803661798,4.595304651030915,1
1.6,AC+CBF+AER,AC+CBF+AER,4,2000,0.0,0,0.0,0,0.0,0,3.649502236615201,3.649502236615201,3.860950129682828,6.795359132530165,3.786720899357406,4.805752204082835,1
2.0,AC+CBF+AER,AC+CBF+AER,4,2000,0.0,0,0.0,0,0.0,0,3.62144417104423,3.7471967851135406,3.62144417104423,6.764273592517085,4.733914650861576,4.712975631585067,1
2.2,AC+CBF+AER,AC+CBF+AER,4,2000,0.0,0,0.0,0,0.0,0,3.508946657485576,3.700282751175901,3.508946657485576,6.768550537880423,5.196646379393444,4.693768730651829,1
2.6,AC+CBF+AER,AC+CBF+AER,4,2000,0.0,0,0.0,0,0.0,0,2.5207729726370727,3.7262646176036833,2.5207729726370727,6.711721498128184,6.003287551861723,4.556659781986559,1
3.0,AC+CBF+AER,AC+CBF+AER,4,2000,0.0,0,0.0,0,0.0,0,2.2888068708664084,3.696623942100899,2.2888068708664084,6.7535113325475296,6.896702739284022,4.650188279336468,1
3.5,AC+CBF+AER,AC+CBF+AER,4,2000,0.0,0,0.0,0,0.0,0,2.025900664985844,4.170143436792487,2.025900664985844,6.760983046193445,7.87700952566359,4.568381329897809,1
4.0,AC+CBF+AER,AC+CBF+AER,4,2000,0.0,0,0.0,0,0.0,0,1.8403105789086271,3.4215290527988578,1.8403105789086271,6.7588290580452615,9.254637761518088,4.338886348885846,1
4.5,AC+CBF+AER,AC+CBF+AER,4,2000,0.0,0,0.0,0,0.0,0,1.6525234050899396,3.365317879237886,1.6525234050899396,6.772015510732712,10.22455367024614,4.244932557085244,1
0.8,Full,Full,0,2000,0.0,0,0.0,0,0.0,0,4.722497142004711,4.801838380937454,4.722497142004711,6.739943570497999,2.077762721269707,4.834724368776941,1
1.0,Full,Full,0,2000,0.0,0,0.0,0,0.0,0,4.652812225429298,4.872782035581454,4.652812225429298,6.737361446067165,2.519689144595146,4.827551539775937,1
1.3,Full,Full,0,2000,0.0,0,0.0,0,0.0,0,4.605618196124847,4.94894157385781,4.605618196124847,6.7350460865156805,2.918879638004244,4.832137193707762,1
1.6,Full,Full,0,2000,0.0,0,0.0,0,0.0,0,4.584105036735334,5.018559736572221,4.584105036735334,6.734582290879643,3.2062811011365597,4.840227112562405,1
2.0,Full,Full,0,2000,0.0,0,0.0,0,0.0,0,4.471402481761643,5.192894190528222,4.471402481761643,6.721244592097249,3.461026464341796,4.780531068021712,1
2.2,Full,Full,0,2000,0.0,0,0.0,0,0.0,0,4.416792928337157,5.287271822916541,4.416792928337157,6.718739712629586,3.574299492858294,4.783470742070815,1
2.6,Full,Full,0,2000,0.0,0,0.0,0,0.0,0,3.75352453685813,5.955492034077824,3.75352453685813,6.672743470230245,4.0574360280157,4.891436400449964,1
3.0,Full,Full,0,2000,0.0,0,0.0,0,0.0,0,3.55162684811432,6.107889574974998,3.55162684811432,6.66531408025316,4.457333114654248,4.918661629404268,1
3.5,Full,Full,0,2000,0.0,0,0.0,0,0.0,0,2.5809097845799545,7.091569390078504,2.5809097845799545,6.60410024425081,4.896521532579593,4.931407341634747,1
4.0,Full,Full,0,2000,0.0,0,0.0,0,0.0,0,2.7235240668039866,2.7235240668039866,6.965985039228426,7.282386476261842,4.873532071428518,4.919201107289067,1
4.5,Full,Full,0,2000,0.0,0,0.0,0,0.0,0,3.1898800455029424,3.1898800455029424,6.524752524796626,7.088614908356959,5.091983364313188,5.030061057422042,1
0.8,Full,Full,1,2000,0.0,0,0.0,0,0.0,0,3.7171039295178185,3.7171039295178185,6.138715865932321,6.815726452914865,1.2728871024394506,4.45516718504348,1
1.0,Full,Full,1,2000,0.0,0,0.0,0,0.0,0,3.6674609698181446,3.6674609698181446,6.3021707850386575,6.85602903518375,1.5592357034077238,4.855541237650352,1
1.3,Full,Full,1,2000,0.0,0,0.0,0,0.0,0,3.391985937312905,3.391985937312905,6.501637449865042,6.953474684680804,1.940207604128016,4.49902450199796,1
1.6,Full,Full,1,2000,0.0,0,0.0,0,0.0,0,3.149456400270596,3.149456400270596,6.678316337906345,7.028945444894371,2.247628107083373,4.46192953381794,1
2.0,Full,Full,1,2000,0.0,0,0.0,0,0.0,0,2.929813425691449,2.929813425691449,6.8516483485840105,7.144115906798548,2.5463222389304696,4.463010841596963,1
2.2,Full,Full,1,2000,0.0,0,0.0,0,0.0,0,2.6556728936810297,2.6556728936810297,7.059384280610425,7.323142776454423,2.7224443370369973,4.489665624075784,1
2.6,Full,Full,1,2000,0.0,0,0.0,0,0.0,0,2.4593117647181164,2.4593117647181164,7.186979787718076,7.57321011546328,3.041174957641407,4.531543865793068,1
3.0,Full,Full,1,2000,0.0,0,0.0,0,0.0,0,2.3539198845410585,2.3539198845410585,7.229308372087628,7.916145734553502,3.363131165980661,4.581643013798958,1
3.5,Full,Full,1,2000,0.0,0,0.0,0,0.0,0,2.293340826110715,2.293340826110715,7.351518566427229,8.819353026948697,3.749015583210258,4.809320322619753,1
4.0,Full,Full,1,2000,0.0,0,0.0,0,0.0,0,2.2948167734923723,2.2948167734923723,7.30650300639912,9.554354770768324,4.073195201998484,4.488444791605806,1
4.5,Full,Full,1,2000,0.0,0,0.0,0,0.0,0,2.297081514847879,2.297081514847879,7.339314503418934,9.218746677527651,3.555980403391269,4.473308431405036,1
0.8,Full,Full,2,2000,0.0,0,0.0,0,0.0,0,3.848592663250985,3.848592663250985,5.809448478367604,6.986070577363083,1.3898154235980038,4.767571468379527,1
1.0,Full,Full,2,2000,0.0,0,0.0,0,0.0,0,3.698964948904224,3.698964948904224,6.043837402392382,7.00652493621293,1.7003428855090024,4.770432468751316,1
1.3,Full,Full,2,2000,0.0,0,0.0,0,0.0,0,3.352147946799558,3.352147946799558,6.422362159860056,7.1128910208649865,2.224701232382973,4.777428311921338,1
1.6,Full,Full,2,2000,0.0,0,0.0,0,0.0,0,3.093153618040948,3.093153618040948,6.716801396174366,7.245688063545103,2.4271330848225445,4.869827234580948,1
2.0,Full,Full,2,2000,0.0,0,0.0,0,0.0,0,2.892496558817517,2.892496558817517,6.854839391818047,7.368692213058861,2.996326469349236,4.1336895060133765,1
2.2,Full,Full,2,2000,0.0,0,0.0,0,0.0,0,2.80170943465755,2.80170943465755,6.868029945174017,7.472631686956945,3.2034290982268376,4.202862238868215,1
2.6,Full,Full,2,2000,0.0,0,0.0,0,0.0,0,2.5593192322462626,2.5593192322462626,7.108079238935691,7.799156942935398,3.4773816288284647,4.1701707236773045,1
3.0,Full,Full,2,2000,0.0,0,0.0,0,0.0,0,2.3656823177251733,2.3656823177251733,7.3137540200638815,8.27838447839899,3.4562239757384017,4.361782307742088,1
3.5,Full,Full,2,2000,0.0,0,0.0,0,0.0,0,2.1549001708202646,2.1549001708202646,7.465092038178075,8.608789913919741,3.67837380648316,4.367654732199162,1
4.0,Full,Full,2,2000,0.0,0,0.0,0,0.0,0,2.11439069003069,2.11439069003069,7.495375747488,9.191735979313371,4.18865111449666,4.384019978919727,1
4.5,Full,Full,2,2000,0.0,0,0.0,0,0.0,0,2.2152834176936835,2.2152834176936835,7.486859632055365,8.484483920274167,3.636989665020778,4.458518930578627,1
0.8,Full,Full,3,2000,0.0,0,0.0,0,0.0,0,3.6418521967332,3.6418521967332,5.844574017284593,7.004642300862897,1.664242884638353,5.34412107125591,1
1.0,Full,Full,3,2000,0.0,0,0.0,0,0.0,0,3.696298147667568,3.696298147667568,5.908731906328474,6.996941649059266,2.0741908023901985,5.348533463411723,1
1.3,Full,Full,3,2000,0.0,0,0.0,0,0.0,0,3.452747237103577,3.452747237103577,6.167563918168362,7.055216467191049,2.556143067972271,5.323489890239822,1
1.6,Full,Full,3,2000,0.0,0,0.0,0,0.0,0,3.261857791350128,3.261857791350128,6.047591583491199,7.089341644012242,2.979435032426461,5.354415705572539,1
2.0,Full,Full,3,2000,0.0,0,0.0,0,0.0,0,3.108890907801812,3.108890907801812,5.7538405575001255,7.201109673267443,3.3661199306241665,5.351404173343564,1
2.2,Full,Full,3,2000,0.0,0,0.0,0,0.0,0,2.4557328370943403,2.4557328370943403,5.650420048814922,7.656179695318436,3.2639976290795536,5.300066105072846,1
2.6,Full,Full,3,2000,0.0,0,0.0,0,0.0,0,2.4726885426202854,2.4726885426202854,5.612728609522747,7.640337801376035,3.713949028937912,5.148175997342211,1
3.0,Full,Full,3,2000,0.0,0,0.0,0,0.0,0,2.289493452114602,2.289493452114602,5.043305318361574,8.339250410655886,3.923155460671377,4.963105387510026,1
3.5,Full,Full,3,2000,0.0,0,0.0,0,0.0,0,2.2173040515479,2.2173040515479,6.053219728197182,8.442225860413242,4.522100803607034,5.246988368183862,1
4.0,Full,Full,3,2000,0.0,0,0.0,0,0.0,0,2.105901782234576,2.105901782234576,6.772821721715164,8.912544085610966,4.624562686132123,5.400685102725699,1
4.5,Full,Full,3,2000,0.0,0,0.0,0,0.0,0,2.108089417218775,2.108089417218775,7.474053741713904,9.347565218587926,4.294127285161056,5.443052425692568,1
0.8,Full,Full,4,2000,0.0,0,0.0,0,0.0,0,3.9692611260777193,3.9692611260777193,5.408413589945041,6.756038609773628,1.4083191289978998,5.1303118106268055,1
1.0,Full,Full,4,2000,0.0,0,0.0,0,0.0,0,3.8798545351234974,3.8798545351234974,5.467373830806599,6.777060385887652,1.6969834999099036,5.129341553478691,1
1.3,Full,Full,4,2000,0.0,0,0.0,0,0.0,0,3.6198316854286032,3.6198316854286032,5.692099523085991,6.795143881142938,2.053277060284341,5.124667879744862,1
1.6,Full,Full,4,2000,0.0,0,0.0,0,0.0,0,3.160856344148946,3.160856344148946,6.130522299092017,6.964885594241429,2.496251204386107,4.467076854165554,1
2.0,Full,Full,4,2000,0.0,0,0.0,0,0.0,0,3.124485834133231,3.124485834133231,6.097653521987273,6.987993856870731,2.630224577019176,4.475106961944732,1
2.2,Full,Full,4,2000,0.0,0,0.0,0,0.0,0,2.959193965568199,2.959193965568199,6.125447769646114,7.009448208062099,2.8101257515587603,4.475994105854782,1
2.6,Full,Full,4,2000,0.0,0,0.0,0,0.0,0,3.015477390068913,3.015477390068913,6.165162024165291,6.99077924592621,3.309609952668792,4.932110111794645,1
3.0,Full,Full,4,2000,0.0,0,0.0,0,0.0,0,2.8357798855332272,2.8357798855332272,5.997868659374395,7.052184558062448,3.684946439997395,4.950792538175743,1
3.5,Full,Full,4,2000,0.0,0,0.0,0,0.0,0,2.8184995363286585,2.8184995363286585,6.47346290801101,7.126519789014867,4.054353778661652,5.0028871758579205,1
4.0,Full,Full,4,2000,0.0,0,0.0,0,0.0,0,2.5372832138412797,2.5372832138412797,6.432134566558748,7.271473662996604,3.8839854008065657,5.029506539554914,1
4.5,Full,Full,4,2000,0.0,0,0.0,0,0.0,0,2.50513672146945,2.50513672146945,6.634928885252811,7.479847498861887,4.272987430314508,4.648685438927002,1
